ip_version,country,scan_date,errorMessage,count
ipv4,brunei,2026-04-25,timeout: no recent network activity,441
ipv4,cambodia,2026-04-25,timeout: no recent network activity,1553
ipv4,cambodia,2026-04-25,CRYPTO_ERROR (0x150): 200:internal error,15
ipv4,cambodia,2026-04-25,CRYPTO_ERROR (0x150): TLS alert 80,13
ipv4,cambodia,2026-04-25,CRYPTO_ERROR (0x128): 28:TLS handshake failure (ENCRYPTION_INITIAL) 40: handshake failure. SSLErrorStack:[handshake_server.cc:602] error:10000085:SSL routines:OPENSSL_internal:CONNECTION_REJECTED. ExtraDetail:select_cert_error: proof_source_handle async failure,10
ipv4,cambodia,2026-04-25,CRYPTO_ERROR (0x128) (frame type: 0x6): 28:TLS handshake failure (ENCRYPTION_INITIAL) 40: handshake failure,3
ipv4,cambodia,2026-04-25,INTERNAL_ERROR,3
ipv4,cambodia,2026-04-25,CRYPTO_ERROR (0x146): handshake failed,2
ipv4,cambodia,2026-04-25,PROTOCOL_VIOLATION: 28:Connection is closed by create session failed,1
ipv4,cambodia,2026-04-25,CRYPTO_ERROR (0x170): handshake failed,1
ipv4,cambodia,2026-04-25,CRYPTO_ERROR (0x150): tls: internal error,1
ipv4,cambodia,2026-04-25,CRYPTO_ERROR (0x150): handshake failed,1
ipv4,indonesia,2026-04-29,timeout: no recent network activity,60516
ipv4,indonesia,2026-04-29,CRYPTO_ERROR (0x150): 200:internal error,2686
ipv4,indonesia,2026-04-29,CRYPTO_ERROR (0x150): TLS alert 80,1324
ipv4,indonesia,2026-04-29,CRYPTO_ERROR (0x128): 28:TLS handshake failure (ENCRYPTION_INITIAL) 40: handshake failure. SSLErrorStack:[handshake_server.cc:602] error:10000085:SSL routines:OPENSSL_internal:CONNECTION_REJECTED. ExtraDetail:select_cert_error: proof_source_handle async failure,1248
ipv4,indonesia,2026-04-29,NO_ERROR: 218:Reject connection,637
ipv4,indonesia,2026-04-29,CRYPTO_ERROR (0x150): tls: internal error,543
ipv4,indonesia,2026-04-29,CRYPTO_ERROR (0x170): handshake failed,417
ipv4,indonesia,2026-04-29,CRYPTO_ERROR (0x128): handshake failed,376
ipv4,indonesia,2026-04-29,NO_ERROR,269
ipv4,indonesia,2026-04-29,CRYPTO_ERROR (0x128) (frame type: 0x6): 28:TLS handshake failure (ENCRYPTION_INITIAL) 40: handshake failure,121
ipv4,indonesia,2026-04-29,CRYPTO_ERROR (0x10a): tls: server sent two HelloRetryRequest messages,46
ipv4,indonesia,2026-04-29,"no compatible QUIC version found (we support [v1 draft-29], server offered [gQUIC 43 gQUIC 46 0x51303530 0xff000019 0xff00001b])",33
ipv4,indonesia,2026-04-29,CRYPTO_ERROR (0x178): handshake failed,33
ipv4,indonesia,2026-04-29,CRYPTO_ERROR (0x178): tls: no application protocol,25
ipv4,indonesia,2026-04-29,CRYPTO_ERROR (0x146): handshake failed,14
ipv4,indonesia,2026-04-29,INTERNAL_ERROR: no certificate available for '::',12
ipv4,indonesia,2026-04-29,PROTOCOL_VIOLATION,9
ipv4,indonesia,2026-04-29,CRYPTO_ERROR (0x128): 28:TLS handshake failure (ENCRYPTION_INITIAL) 40: handshake failure,8
ipv4,indonesia,2026-04-29,INTERNAL_ERROR,4
ipv4,indonesia,2026-04-29,INVALID_TOKEN: cannot decrypt token,3
ipv4,indonesia,2026-04-29,"no compatible QUIC version found (we support [v1 draft-29], server offered [gQUIC 39 gQUIC 43 gQUIC 46 0xff000017 0xff000018])",3
ipv4,indonesia,2026-04-29,CRYPTO_ERROR (0x178): no suitable application protocol,3
ipv4,indonesia,2026-04-29,CRYPTO_ERROR (0x150): handshake failed,3
ipv4,indonesia,2026-04-29,PROTOCOL_VIOLATION: 28:Connection is closed by create session failed,3
ipv4,indonesia,2026-04-29,CONNECTION_REFUSED,2
ipv4,indonesia,2026-04-29,INTERNAL_ERROR: no certificate available for 'ip-39-20-103-103.wjv-1.biznetg.io',1
ipv4,indonesia,2026-04-29,INTERNAL_ERROR: no certificate available for 'ip-178-22-103-103.wjv-1.biznetg.io',1
ipv4,indonesia,2026-04-29,INTERNAL_ERROR: no certificate available for 'ip-149-181-125-103.wjv-1.biznetg.io',1
ipv4,indonesia,2026-04-29,INTERNAL_ERROR: no certificate available for 'ip-191-132-127-103.wjv-1.biznetg.io',1
ipv4,indonesia,2026-04-29,INTERNAL_ERROR: no certificate available for 'ip-155-134-127-103.wjv-1.biznetg.io',1
ipv4,indonesia,2026-04-29,INTERNAL_ERROR: no certificate available for 'ip-229-135-127-103.wjv-1.biznetg.io',1
ipv4,indonesia,2026-04-29,INTERNAL_ERROR: no certificate available for 'ip-231-136-127-103.wjv-1.biznetg.io',1
ipv4,indonesia,2026-04-29,INVALID_TOKEN,1
ipv4,indonesia,2026-04-29,INTERNAL_ERROR: no certificate available for 'ip-145-139-127-103.wjv-1.biznetg.io',1
ipv4,indonesia,2026-04-29,INTERNAL_ERROR: no certificate available for 'ip-98-96-127-103.wjv-1.biznetg.io',1
ipv4,indonesia,2026-04-29,INTERNAL_ERROR: no certificate available for 'ip-221-97-127-103.wjv-1.biznetg.io',1
ipv4,indonesia,2026-04-29,INTERNAL_ERROR: no certificate available for 'ip-70-97-127-103.wjv-1.biznetg.io',1
ipv4,indonesia,2026-04-29,INTERNAL_ERROR: no certificate available for 'ip103-13-207-230.cloudhost.web.id',1
ipv4,indonesia,2026-04-29,INTERNAL_ERROR: no certificate available for '103.149.180.3',1
ipv4,indonesia,2026-04-29,INTERNAL_ERROR: no certificate available for 'ip-81-116-150-103.wjv-1.biznetg.io',1
ipv4,indonesia,2026-04-29,INTERNAL_ERROR: no certificate available for 'ip-172-117-150-103.wjv-1.biznetg.io',1
ipv4,indonesia,2026-04-29,INTERNAL_ERROR: no certificate available for 'ip-22-190-150-103.wjv-1.biznetg.io',1
ipv4,indonesia,2026-04-29,INTERNAL_ERROR: no certificate available for 'ip-82-190-150-103.wjv-1.biznetg.io',1
ipv4,indonesia,2026-04-29,INTERNAL_ERROR: no certificate available for 'ip-243-196-150-103.wjv-1.biznetg.io',1
ipv4,indonesia,2026-04-29,INTERNAL_ERROR: no certificate available for 'ip-8-196-150-103.wjv-1.biznetg.io',1
ipv4,indonesia,2026-04-29,INTERNAL_ERROR: no certificate available for 'ip-124-93-150-103.wjv-1.biznetg.io',1
ipv4,indonesia,2026-04-29,INTERNAL_ERROR: no certificate available for 'ip-199-93-150-103.wjv-1.biznetg.io',1
ipv4,indonesia,2026-04-29,INTERNAL_ERROR: no certificate available for 'ip-233-93-150-103.wjv-1.biznetg.io',1
ipv4,indonesia,2026-04-29,INTERNAL_ERROR: no certificate available for 'ip-78-93-150-103.wjv-1.biznetg.io',1
ipv4,indonesia,2026-04-29,INTERNAL_ERROR: no certificate available for 'impacthinkcom-05144d4eeba1.nevacloud.io',1
ipv4,indonesia,2026-04-29,INTERNAL_ERROR: no certificate available for '103-161-185-4.nevacloud.io',1
ipv4,indonesia,2026-04-29,INTERNAL_ERROR: no certificate available for 'ip103-171-85-126.cloudhost.web.id',1
ipv4,indonesia,2026-04-29,INTERNAL_ERROR: no certificate available for 'ip103-176-78-92.cloudhost.web.id',1
ipv4,indonesia,2026-04-29,INTERNAL_ERROR: no certificate available for 'server133.mail04.awandata.cc',1
ipv4,indonesia,2026-04-29,INTERNAL_ERROR: no certificate available for 'ip103-187-146-57.cloudhost.web.id',1
ipv4,indonesia,2026-04-29,INTERNAL_ERROR: no certificate available for 'ip103-189-234-23.cloudhost.web.id',1
ipv4,indonesia,2026-04-29,INTERNAL_ERROR: no certificate available for 'ip-69-153-196-103.wjv-1.biznetg.io',1
ipv4,indonesia,2026-04-29,INTERNAL_ERROR: no certificate available for 'ip-212-154-196-103.wjv-1.biznetg.io',1
ipv4,indonesia,2026-04-29,INTERNAL_ERROR: no certificate available for 'ip103-217-145-143.cloudhost.web.id',1
ipv4,indonesia,2026-04-29,INTERNAL_ERROR: no certificate available for 'ip103-226-139-106.cloudhost.web.id',1
ipv4,indonesia,2026-04-29,NO_ERROR: handshake failed,1
ipv4,indonesia,2026-04-29,INTERNAL_ERROR: no certificate available for 'ip-50-60.ppns.ac.id',1
ipv4,indonesia,2026-04-29,INTERNAL_ERROR: no certificate available for 'ip-50-61.ppns.ac.id',1
ipv4,indonesia,2026-04-29,INTERNAL_ERROR: no certificate available for '172.18.0.3',1
ipv4,indonesia,2026-04-29,INTERNAL_ERROR: no certificate available for '172.18.0.2',1
ipv4,indonesia,2026-04-29,INTERNAL_ERROR: no certificate available for 'ip103-30-194-111.cloudhost.web.id',1
ipv4,indonesia,2026-04-29,INTERNAL_ERROR: no certificate available for 'ip-190-205-31-103.wjv-1.biznetg.io',1
ipv4,indonesia,2026-04-29,INTERNAL_ERROR: no certificate available for 'ip103-31-39-154.cloudhost.web.id',1
ipv4,indonesia,2026-04-29,INTERNAL_ERROR: no certificate available for 'ip103-49-239-237.cloudhost.web.id',1
ipv4,indonesia,2026-04-29,INTERNAL_ERROR: no certificate available for 'ip103-49-239-92.cloudhost.web.id',1
ipv4,indonesia,2026-04-29,INTERNAL_ERROR: no certificate available for 'ip103-49-239-231.cloudhost.web.id',1
ipv4,indonesia,2026-04-29,INTERNAL_ERROR: no certificate available for 'host-246.103.55.224.aglis.biz.id',1
ipv4,indonesia,2026-04-29,"no compatible QUIC version found (we support [v1 draft-29], server offered [gQUIC 43 gQUIC 46 0x51303530 0xff000018 0xff000019])",1
ipv4,indonesia,2026-04-29,INTERNAL_ERROR: no certificate available for 'pv-okka.luckystore.id',1
ipv4,indonesia,2026-04-29,INTERNAL_ERROR: no certificate available for 'dash.ardhidhani.dev',1
ipv4,indonesia,2026-04-29,INTERNAL_ERROR: no certificate available for 'ip103-67-79-39.cloudhost.web.id',1
ipv4,indonesia,2026-04-29,INTERNAL_ERROR: no certificate available for 'ip103-67-79-41.cloudhost.web.id',1
ipv4,indonesia,2026-04-29,INTERNAL_ERROR: no certificate available for '192.168.100.6',1
ipv4,indonesia,2026-04-29,INTERNAL_ERROR: no certificate available for '192.168.100.82',1
ipv4,indonesia,2026-04-29,INTERNAL_ERROR: no certificate available for '192.168.100.13',1
ipv4,indonesia,2026-04-29,INTERNAL_ERROR: no certificate available for '103.83.176.77',1
ipv4,indonesia,2026-04-29,INTERNAL_ERROR: no certificate available for '10.89.0.3',1
ipv4,indonesia,2026-04-29,INTERNAL_ERROR: no certificate available for '192.168.90.100',1
ipv4,indonesia,2026-04-29,INTERNAL_ERROR: no certificate available for 'ip-123-238.94.103.wjv-1.biznetg.io',1
ipv4,indonesia,2026-04-29,CRYPTO_ERROR (0x178): peer doesn't support any known protocol,1
ipv4,indonesia,2026-04-29,INTERNAL_ERROR: no certificate available for 'ip116-193-190-193.cloudhost.web.id',1
ipv4,indonesia,2026-04-29,INTERNAL_ERROR: no certificate available for 'ip116-193-191-240.cloudhost.web.id',1
ipv4,indonesia,2026-04-29,INTERNAL_ERROR: no certificate available for 'ip116-193-191-57.cloudhost.web.id',1
ipv4,indonesia,2026-04-29,INTERNAL_ERROR: no certificate available for 'ip-90-165-250.dtp.net.id',1
ipv4,indonesia,2026-04-29,INTERNAL_ERROR: no certificate available for 'ip-90-165-252.dtp.net.id',1
ipv4,indonesia,2026-04-29,INTERNAL_ERROR: no certificate available for '117-53-46-87.kilatvps.net',1
ipv4,indonesia,2026-04-29,"CRYPTO_BUFFER_EXCEEDED: received invalid offset 16660 on crypto stream, maximum allowed 16384",1
ipv4,indonesia,2026-04-29,INTERNAL_ERROR: no certificate available for '192.168.99.99',1
ipv4,indonesia,2026-04-29,INTERNAL_ERROR: no certificate available for '160-19-167-207.nevacloud.io',1
ipv4,indonesia,2026-04-29,INTERNAL_ERROR: no certificate available for '163-61-58-158.nevacloud.net',1
ipv4,indonesia,2026-04-29,"INTERNAL_ERROR: certificate is not allowed for server name 192.168.1.103: decision func: checking https://rizkyadhi.com/ask-tls to determine if certificate for hostname '192.168.1.103' should be allowed: Get ""https://rizkyadhi.com/ask-tls?domain=192.168.1.103"": dial tcp: lookup rizkyadhi.com on [2001:4489:202:102::2]:53: no such host",1
ipv4,indonesia,2026-04-29,INTERNAL_ERROR: no certificate available for 'ip-182-16-255-67.interlink.net.id',1
ipv4,indonesia,2026-04-29,INTERNAL_ERROR: no certificate available for '10.11.12.2',1
ipv4,indonesia,2026-04-29,INVALID_TOKEN: invalid address validation token,1
ipv4,indonesia,2026-04-29,INTERNAL_ERROR: no certificate available for 'ip-167-236.dtp.net.id',1
ipv4,indonesia,2026-04-29,INTERNAL_ERROR: no certificate available for 'ip-170-75-74-202.wjv-1.biznetg.io',1
ipv4,indonesia,2026-04-29,INTERNAL_ERROR: no certificate available for 'ip-135-177-88.mcm-id.net',1
ipv4,indonesia,2026-04-29,INTERNAL_ERROR: no certificate available for '172.10.0.35',1
ipv4,laos,2026-04-25,timeout: no recent network activity,423
ipv4,laos,2026-04-25,CRYPTO_ERROR (0x150): TLS alert 80,5
ipv4,laos,2026-04-25,CRYPTO_ERROR (0x150): 200:internal error,4
ipv4,laos,2026-04-25,NO_ERROR,3
ipv4,laos,2026-04-25,CRYPTO_ERROR (0x128): 28:TLS handshake failure (ENCRYPTION_INITIAL) 40: handshake failure. SSLErrorStack:[handshake_server.cc:602] error:10000085:SSL routines:OPENSSL_internal:CONNECTION_REJECTED. ExtraDetail:select_cert_error: proof_source_handle async failure,2
ipv4,laos,2026-04-25,CRYPTO_ERROR (0x170): handshake failed,1
ipv4,malaysia,2026-04-27,timeout: no recent network activity,18607
ipv4,malaysia,2026-04-27,CRYPTO_ERROR (0x150): 200:internal error,1127
ipv4,malaysia,2026-04-27,CRYPTO_ERROR (0x150): TLS alert 80,718
ipv4,malaysia,2026-04-27,NO_ERROR: handshake failed,399
ipv4,malaysia,2026-04-27,CRYPTO_ERROR (0x128): tls: handshake failure,289
ipv4,malaysia,2026-04-27,CRYPTO_ERROR (0x128): 28:TLS handshake failure (ENCRYPTION_INITIAL) 40: handshake failure. SSLErrorStack:[handshake_server.cc:602] error:10000085:SSL routines:OPENSSL_internal:CONNECTION_REJECTED. ExtraDetail:select_cert_error: proof_source_handle async failure,167
ipv4,malaysia,2026-04-27,CRYPTO_ERROR (0x128) (frame type: 0x6): 28:TLS handshake failure (ENCRYPTION_INITIAL) 40: handshake failure,136
ipv4,malaysia,2026-04-27,INTERNAL_ERROR,122
ipv4,malaysia,2026-04-27,CRYPTO_ERROR (0x150): tls: internal error,115
ipv4,malaysia,2026-04-27,CRYPTO_ERROR (0x178): handshake failed,98
ipv4,malaysia,2026-04-27,CRYPTO_ERROR (0x170): handshake failed,51
ipv4,malaysia,2026-04-27,CRYPTO_ERROR (0x178): tls: no application protocol,47
ipv4,malaysia,2026-04-27,CRYPTO_ERROR (0x178): no suitable application protocol,38
ipv4,malaysia,2026-04-27,CRYPTO_ERROR (0x10a): tls: server sent two HelloRetryRequest messages,20
ipv4,malaysia,2026-04-27,NO_ERROR,13
ipv4,malaysia,2026-04-27,"no compatible QUIC version found (we support [v1 draft-29], server offered [gQUIC 43 gQUIC 46 0x51303530 0xff000019 0xff00001b])",8
ipv4,malaysia,2026-04-27,CRYPTO_ERROR (0x146): handshake failed,8
ipv4,malaysia,2026-04-27,CRYPTO_ERROR (0x128): handshake failed,8
ipv4,malaysia,2026-04-27,PROTOCOL_VIOLATION,3
ipv4,malaysia,2026-04-27,CRYPTO_ERROR (0x128): 28:TLS handshake failure (ENCRYPTION_INITIAL) 40: handshake failure,3
ipv4,malaysia,2026-04-27,INTERNAL_ERROR: no certificate available for '::',2
ipv4,malaysia,2026-04-27,INTERNAL_ERROR: no certificate available for '192.168.100.21',1
ipv4,malaysia,2026-04-27,INTERNAL_ERROR: no certificate available for '172.18.0.2',1
ipv4,malaysia,2026-04-27,CRYPTO_ERROR (0x170): tls: unrecognized name,1
ipv4,malaysia,2026-04-27,INVALID_TOKEN: cannot decrypt token,1
ipv4,malaysia,2026-04-27,INTERNAL_ERROR: no certificate available for '172.19.0.2',1
ipv4,malaysia,2026-04-27,INVALID_TOKEN,1
ipv4,malaysia,2026-04-27,INTERNAL_ERROR: no certificate available for '192.168.0.163',1
ipv4,malaysia,2026-04-27,INTERNAL_ERROR: no certificate available for '202.157.176.18',1
ipv4,malaysia,2026-04-27,INTERNAL_ERROR: no certificate available for '202.61.75.77',1
ipv4,malaysia,2026-04-27,CRYPTO_ERROR (0x150): 200:error:0A000197:SSL routines::shutdown while in init,1
ipv4,malaysia,2026-04-27,INTERNAL_ERROR: no certificate available for 'cgw-211-24-94-53.bbrtl.time.net.my',1
ipv4,malaysia,2026-04-27,INTERNAL_ERROR: no certificate available for '218.208.86.98',1
ipv4,malaysia,2026-04-27,INTERNAL_ERROR: no certificate available for 'bth-200-216.tm.net.my',1
ipv4,malaysia,2026-04-27,INTERNAL_ERROR: no certificate available for 'tin-209-219.tm.net.my',1
ipv4,malaysia,2026-04-27,INTERNAL_ERROR: no certificate available for '223.165.6.116',1
ipv4,malaysia,2026-04-27,INTERNAL_ERROR: no certificate available for '223.165.6.144',1
ipv4,malaysia,2026-04-27,INTERNAL_ERROR: no certificate available for '223.165.6.191',1
ipv4,malaysia,2026-04-27,INTERNAL_ERROR: no certificate available for '223.165.6.20',1
ipv4,malaysia,2026-04-27,INTERNAL_ERROR: no certificate available for '223.165.6.227',1
ipv4,malaysia,2026-04-27,INTERNAL_ERROR: no certificate available for '172.18.0.14',1
ipv4,myanmar,2026-04-25,timeout: no recent network activity,826
ipv4,myanmar,2026-04-25,CRYPTO_ERROR (0x150): 200:internal error,180
ipv4,myanmar,2026-04-25,CRYPTO_ERROR (0x150): TLS alert 80,113
ipv4,myanmar,2026-04-25,CRYPTO_ERROR (0x128) (frame type: 0x6): 28:TLS handshake failure (ENCRYPTION_INITIAL) 40: handshake failure,107
ipv4,myanmar,2026-04-25,CRYPTO_ERROR (0x146): handshake failed,20
ipv4,myanmar,2026-04-25,CRYPTO_ERROR (0x128): 28:TLS handshake failure (ENCRYPTION_INITIAL) 40: handshake failure. SSLErrorStack:[handshake_server.cc:602] error:10000085:SSL routines:OPENSSL_internal:CONNECTION_REJECTED. ExtraDetail:select_cert_error: proof_source_handle async failure,3
ipv4,myanmar,2026-04-25,CRYPTO_ERROR (0x150): tls: internal error,2
ipv4,myanmar,2026-04-25,CRYPTO_ERROR (0x178): tls: no application protocol,2
ipv4,myanmar,2026-04-25,INTERNAL_ERROR: no certificate available for '172.18.0.10',1
ipv4,myanmar,2026-04-25,CRYPTO_ERROR (0x170): handshake failed,1
ipv4,philippines,2026-04-28,timeout: no recent network activity,20086
ipv4,philippines,2026-04-28,CRYPTO_ERROR (0x150): 200:internal error,1749
ipv4,philippines,2026-04-28,CRYPTO_ERROR (0x128): 28:TLS handshake failure (ENCRYPTION_INITIAL) 40: handshake failure. SSLErrorStack:[handshake_server.cc:602] error:10000085:SSL routines:OPENSSL_internal:CONNECTION_REJECTED. ExtraDetail:select_cert_error: proof_source_handle async failure,625
ipv4,philippines,2026-04-28,CRYPTO_ERROR (0x150): TLS alert 80,88
ipv4,philippines,2026-04-28,CRYPTO_ERROR (0x146): handshake failed,47
ipv4,philippines,2026-04-28,CRYPTO_ERROR (0x178): tls: no application protocol,34
ipv4,philippines,2026-04-28,CRYPTO_ERROR (0x128) (frame type: 0x6): 28:TLS handshake failure (ENCRYPTION_INITIAL) 40: handshake failure,32
ipv4,philippines,2026-04-28,CRYPTO_ERROR (0x150): tls: internal error,19
ipv4,philippines,2026-04-28,NO_ERROR,16
ipv4,philippines,2026-04-28,CRYPTO_ERROR (0x170): handshake failed,10
ipv4,philippines,2026-04-28,PROTOCOL_VIOLATION,7
ipv4,philippines,2026-04-28,PROTOCOL_VIOLATION: 28:Connection is closed by create session failed,2
ipv4,philippines,2026-04-28,INTERNAL_ERROR: no certificate available for '112.210.200.251.pldt.net',1
ipv4,philippines,2026-04-28,INTERNAL_ERROR: no certificate available for '192.168.2.2',1
ipv4,philippines,2026-04-28,CRYPTO_ERROR (0x150): 200:error:0A000197:SSL routines::shutdown while in init,1
ipv4,philippines,2026-04-28,CRYPTO_ERROR (0x178): handshake failed,1
ipv4,philippines,2026-04-28,CRYPTO_ERROR (0x150): handshake failed,1
ipv4,philippines,2026-04-28,INTERNAL_ERROR: no certificate available for '167.37.232.180.dsl.static.inet.as18389',1
ipv4,philippines,2026-04-28,INTERNAL_ERROR,1
ipv4,singapore,2026-04-26,timeout: no recent network activity,402985
ipv4,singapore,2026-04-26,CRYPTO_ERROR (0x150): TLS alert 80,45854
ipv4,singapore,2026-04-26,CRYPTO_ERROR (0x150): 200:internal error,2421
ipv4,singapore,2026-04-26,INTERNAL_ERROR,2190
ipv4,singapore,2026-04-26,CRYPTO_ERROR (0x150): tls: internal error,1933
ipv4,singapore,2026-04-26,CRYPTO_ERROR (0x178): handshake failed,1438
ipv4,singapore,2026-04-26,CRYPTO_ERROR (0x128): tls: handshake failure,1268
ipv4,singapore,2026-04-26,CRYPTO_ERROR (0x178): no suitable application protocol,1119
ipv4,singapore,2026-04-26,CRYPTO_ERROR (0x170): handshake failed,973
ipv4,singapore,2026-04-26,CRYPTO_ERROR (0x128) (frame type: 0x6): 28:TLS handshake failure (ENCRYPTION_INITIAL) 40: handshake failure,916
ipv4,singapore,2026-04-26,CRYPTO_ERROR (0x170): tls: unrecognized name,653
ipv4,singapore,2026-04-26,CRYPTO_ERROR (0x128): handshake failed,499
ipv4,singapore,2026-04-26,CRYPTO_ERROR (0x131): unexpected error: no server certificate chain resolved,289
ipv4,singapore,2026-04-26,CRYPTO_ERROR (0x178): tls: no application protocol,266
ipv4,singapore,2026-04-26,CRYPTO_ERROR (0x146): handshake failed,238
ipv4,singapore,2026-04-26,NO_ERROR: handshake failed,87
ipv4,singapore,2026-04-26,INTERNAL_ERROR: no certificate available for '::',75
ipv4,singapore,2026-04-26,CRYPTO_ERROR (0x128): 28:TLS handshake failure (ENCRYPTION_INITIAL) 40: handshake failure. SSLErrorStack:[handshake_server.cc:602] error:10000085:SSL routines:OPENSSL_internal:CONNECTION_REJECTED. ExtraDetail:select_cert_error: proof_source_handle async failure,63
ipv4,singapore,2026-04-26,CRYPTO_ERROR (0x10a): tls: server sent two HelloRetryRequest messages,56
ipv4,singapore,2026-04-26,NO_ERROR: 0:Closed by application with reason: no filter chain found,45
ipv4,singapore,2026-04-26,CRYPTO_ERROR (0x128): 28:TLS handshake failure (ENCRYPTION_INITIAL) 40: handshake failure,42
ipv4,singapore,2026-04-26,PROTOCOL_VIOLATION: 28:Connection is closed by create session failed,36
ipv4,singapore,2026-04-26,CRYPTO_ERROR (0x150): handshake failed,32
ipv4,singapore,2026-04-26,Application error 0x150,29
ipv4,singapore,2026-04-26,timeout: handshake did not complete in time,27
ipv4,singapore,2026-04-26,NO_ERROR,16
ipv4,singapore,2026-04-26,"no compatible QUIC version found (we support [v1 draft-29], server offered [gQUIC 43 gQUIC 46 0x51303530 0xff000019 0xff00001b])",13
ipv4,singapore,2026-04-26,PROTOCOL_VIOLATION: 28:Reject connection,13
ipv4,singapore,2026-04-26,INTERNAL_ERROR: no certificate available for '172.18.0.2',10
ipv4,singapore,2026-04-26,INTERNAL_ERROR: no certificate available for '172.18.0.3',8
ipv4,singapore,2026-04-26,CONNECTION_REFUSED,5
ipv4,singapore,2026-04-26,CRYPTO_ERROR (0x178): ALPN negotiation failed. Server didn't offer any protocols,4
ipv4,singapore,2026-04-26,PROTOCOL_VIOLATION,4
ipv4,singapore,2026-04-26,NO_ERROR: 218:Reject connection,3
ipv4,singapore,2026-04-26,INTERNAL_ERROR: no server found for '118.107.9.6',3
ipv4,singapore,2026-04-26,INTERNAL_ERROR: no server found for '134.122.133.220',3
ipv4,singapore,2026-04-26,INTERNAL_ERROR: no server found for '134.122.133.232',3
ipv4,singapore,2026-04-26,INTERNAL_ERROR: no server found for '134.122.137.73',3
ipv4,singapore,2026-04-26,INTERNAL_ERROR: no server found for '134.122.183.190',3
ipv4,singapore,2026-04-26,INTERNAL_ERROR: no certificate available for '172.19.0.4',3
ipv4,singapore,2026-04-26,INTERNAL_ERROR: no server found for '14.128.63.110',3
ipv4,singapore,2026-04-26,INTERNAL_ERROR: no server found for '143.92.32.11',3
ipv4,singapore,2026-04-26,INTERNAL_ERROR: no server found for '202.79.165.131',3
ipv4,singapore,2026-04-26,INTERNAL_ERROR: no server found for '202.79.166.136',3
ipv4,singapore,2026-04-26,INTERNAL_ERROR: no server found for '202.79.171.167',3
ipv4,singapore,2026-04-26,INTERNAL_ERROR: no server found for '202.79.174.42',3
ipv4,singapore,2026-04-26,INTERNAL_ERROR: no server found for '27.124.18.178',3
ipv4,singapore,2026-04-26,INTERNAL_ERROR: no server found for '27.124.42.238',3
ipv4,singapore,2026-04-26,INTERNAL_ERROR: no certificate available for '172.19.0.7',3
ipv4,singapore,2026-04-26,"CRYPTO_BUFFER_EXCEEDED: received invalid offset 16407 on crypto stream, maximum allowed 16384",3
ipv4,singapore,2026-04-26,INTERNAL_ERROR: no certificate available for '10.0.0.4',2
ipv4,singapore,2026-04-26,INTERNAL_ERROR: no certificate available for '10.0.4.16',2
ipv4,singapore,2026-04-26,INTERNAL_ERROR: no server found for '118.107.9.93',2
ipv4,singapore,2026-04-26,INTERNAL_ERROR: no server found for '118.107.9.24',2
ipv4,singapore,2026-04-26,INTERNAL_ERROR: no certificate available for '10.0.0.15',2
ipv4,singapore,2026-04-26,CRYPTO_ERROR (0x170): 201:unrecognized name,2
ipv4,singapore,2026-04-26,INTERNAL_ERROR: no server found for '134.122.133.167',2
ipv4,singapore,2026-04-26,INTERNAL_ERROR: no server found for '134.122.133.22',2
ipv4,singapore,2026-04-26,INTERNAL_ERROR: no server found for '137.220.131.142',2
ipv4,singapore,2026-04-26,INTERNAL_ERROR: no certificate available for '172.18.0.4',2
ipv4,singapore,2026-04-26,INTERNAL_ERROR: no certificate available for '172.18.0.5',2
ipv4,singapore,2026-04-26,CRYPTO_ERROR (0x133): tls: invalid signature by the server certificate: crypto/rsa: verification error,2
ipv4,singapore,2026-04-26,INTERNAL_ERROR: no server found for '27.124.39.158',2
ipv4,singapore,2026-04-26,INTERNAL_ERROR: no certificate available for '172.19.0.8',2
ipv4,singapore,2026-04-26,INTERNAL_ERROR: no certificate available for '172.19.0.13',2
ipv4,singapore,2026-04-26,CRYPTO_ERROR (0x178): peer doesn't support any known protocol,2
ipv4,singapore,2026-04-26,INTERNAL_ERROR: no certificate available for '10.0.4.9',2
ipv4,singapore,2026-04-26,INTERNAL_ERROR: no certificate available for '10.7.0.16',2
ipv4,singapore,2026-04-26,INTERNAL_ERROR: no certificate available for '172.19.0.9',2
ipv4,singapore,2026-04-26,"CRYPTO_BUFFER_EXCEEDED: received invalid offset 16656 on crypto stream, maximum allowed 16384",2
ipv4,singapore,2026-04-26,"CRYPTO_BUFFER_EXCEEDED: received invalid offset 16411 on crypto stream, maximum allowed 16384",2
ipv4,singapore,2026-04-26,INTERNAL_ERROR: acme/autocert: missing server name,2
ipv4,singapore,2026-04-26,INTERNAL_ERROR: no certificate available for '127-184-100-101.myrepublic.com.sg',1
ipv4,singapore,2026-04-26,INTERNAL_ERROR: no server found for '101.32.190.153',1
ipv4,singapore,2026-04-26,"no compatible QUIC version found (we support [v1 draft-29], server offered [0xa6a0a7a 0xff000017])",1
ipv4,singapore,2026-04-26,"no compatible QUIC version found (we support [v1 draft-29], server offered [0xff000017 0x6aba4a7a])",1
ipv4,singapore,2026-04-26,"no compatible QUIC version found (we support [v1 draft-29], server offered [0x5a2aea6a 0xd4000400])",1
ipv4,singapore,2026-04-26,INTERNAL_ERROR: no certificate available for '10.7.0.17',1
ipv4,singapore,2026-04-26,INTERNAL_ERROR: open /root/cert.crt: permission denied,1
ipv4,singapore,2026-04-26,"no compatible QUIC version found (we support [v1 draft-29], server offered [0x51303939 gQUIC 48 gQUIC 46 gQUIC 43 gQUIC 39 0xff00001c 0x6afa0a0a 0x54303438])",1
ipv4,singapore,2026-04-26,"no compatible QUIC version found (we support [v1 draft-29], server offered [0x51303939 gQUIC 48 gQUIC 46 gQUIC 43 gQUIC 39 0xff00001c 0xca2a8a2a 0x54303438])",1
ipv4,singapore,2026-04-26,"no compatible QUIC version found (we support [v1 draft-29], server offered [0x51303939 gQUIC 48 0x1adabaaa gQUIC 46 gQUIC 43 gQUIC 39 0xff00001c 0x54303438])",1
ipv4,singapore,2026-04-26,INTERNAL_ERROR: no certificate available for '10.8.0.14',1
ipv4,singapore,2026-04-26,INTERNAL_ERROR: no certificate available for 'ecs-101-46-15-140.compute.hwclouds-dns.com',1
ipv4,singapore,2026-04-26,INTERNAL_ERROR: no certificate available for '103.114.160.36',1
ipv4,singapore,2026-04-26,INTERNAL_ERROR: no certificate available for '103.124.107.151',1
ipv4,singapore,2026-04-26,INTERNAL_ERROR: no certificate available for '103.124.107.2',1
ipv4,singapore,2026-04-26,INTERNAL_ERROR: no certificate available for '103.124.107.32',1
ipv4,singapore,2026-04-26,INTERNAL_ERROR: no server found for '6hkvip.net',1
ipv4,singapore,2026-04-26,INTERNAL_ERROR: ::: certificate not allowed by ask endpoint http://localhost:3000/domains/verify - non-2xx status code 404,1
ipv4,singapore,2026-04-26,INTERNAL_ERROR: no certificate available for 'mail.vordeau.net',1
ipv4,singapore,2026-04-26,INTERNAL_ERROR: no certificate available for '103.79.76.216',1
ipv4,singapore,2026-04-26,INTERNAL_ERROR: no certificate available for '172.21.0.3',1
ipv4,singapore,2026-04-26,INTERNAL_ERROR: no certificate available for 'ecs-111-119-213-187.compute.hwclouds-dns.com',1
ipv4,singapore,2026-04-26,INTERNAL_ERROR: no certificate available for 'ecs-111-91-30-117.compute.hwclouds-dns.com',1
ipv4,singapore,2026-04-26,INTERNAL_ERROR: no server found for 'ecs-114-119-181-119.compute.hwclouds-dns.com',1
ipv4,singapore,2026-04-26,INTERNAL_ERROR: no certificate available for 'ecs-114-119-188-66.compute.hwclouds-dns.com',1
ipv4,singapore,2026-04-26,INTERNAL_ERROR: no certificate available for 'bb116-14-58-231.singnet.com.sg',1
ipv4,singapore,2026-04-26,INTERNAL_ERROR: no certificate available for '118.107.41.13',1
ipv4,singapore,2026-04-26,INTERNAL_ERROR: no server found for '51cma.org',1
ipv4,singapore,2026-04-26,INTERNAL_ERROR: no server found for 'shopvespa.net',1
ipv4,singapore,2026-04-26,INTERNAL_ERROR: no certificate available for '192.168.0.50',1
ipv4,singapore,2026-04-26,INTERNAL_ERROR: no certificate available for 'ecs-119-13-80-16.compute.hwclouds-dns.com',1
ipv4,singapore,2026-04-26,INTERNAL_ERROR: no certificate available for 'ecs-119-13-82-24.compute.hwclouds-dns.com',1
ipv4,singapore,2026-04-26,INTERNAL_ERROR: no certificate available for 'ecs-119-8-115-29.compute.hwclouds-dns.com',1
ipv4,singapore,2026-04-26,INTERNAL_ERROR: no server found for 'ecs-119-8-124-242.compute.hwclouds-dns.com',1
ipv4,singapore,2026-04-26,INTERNAL_ERROR: no certificate available for 'ecs-119-8-160-245.compute.hwclouds-dns.com',1
ipv4,singapore,2026-04-26,INTERNAL_ERROR: no certificate available for 'ecs-119-8-45-131.compute.hwclouds-dns.com',1
ipv4,singapore,2026-04-26,INTERNAL_ERROR: no certificate available for 'ecs-119-8-75-153.compute.hwclouds-dns.com',1
ipv4,singapore,2026-04-26,"no compatible QUIC version found (we support [v1 draft-29], server offered [0x51303530 0xaaba0a4a gQUIC 46 gQUIC 43])",1
ipv4,singapore,2026-04-26,INTERNAL_ERROR: no certificate available for '192.168.6.71',1
ipv4,singapore,2026-04-26,INTERNAL_ERROR: no certificate available for '192.168.3.135',1
ipv4,singapore,2026-04-26,CRYPTO_ERROR (0x150): 200:error:0A000197:SSL routines::shutdown while in init,1
ipv4,singapore,2026-04-26,INTERNAL_ERROR: no certificate available for '192.168.50.230',1
ipv4,singapore,2026-04-26,"no compatible QUIC version found (we support [v1 draft-29], server offered [0xff000017 0xabadaaa])",1
ipv4,singapore,2026-04-26,INTERNAL_ERROR: no certificate available for '10.3.6.191',1
ipv4,singapore,2026-04-26,INTERNAL_ERROR: no certificate available for '10.0.4.17',1
ipv4,singapore,2026-04-26,INTERNAL_ERROR: no certificate available for '10.3.8.14',1
ipv4,singapore,2026-04-26,"CRYPTO_BUFFER_EXCEEDED: received invalid offset 16660 on crypto stream, maximum allowed 16384",1
ipv4,singapore,2026-04-26,INTERNAL_ERROR: no certificate available for '129.227.88.201',1
ipv4,singapore,2026-04-26,INTERNAL_ERROR: no server found for 'cqzuoer.com',1
ipv4,singapore,2026-04-26,INTERNAL_ERROR: no server found for 'ywxohs.com',1
ipv4,singapore,2026-04-26,INTERNAL_ERROR: no server found for '134.122.134.244',1
ipv4,singapore,2026-04-26,INTERNAL_ERROR: no certificate available for '134.122.151.106',1
ipv4,singapore,2026-04-26,INTERNAL_ERROR: no certificate available for '134.122.166.154',1
ipv4,singapore,2026-04-26,INTERNAL_ERROR: no certificate available for '134.122.200.13',1
ipv4,singapore,2026-04-26,INTERNAL_ERROR: no certificate available for '134.122.200.14',1
ipv4,singapore,2026-04-26,INTERNAL_ERROR: no certificate available for '134.122.200.16',1
ipv4,singapore,2026-04-26,INTERNAL_ERROR: no certificate available for '139.59.10.235',1
ipv4,singapore,2026-04-26,INTERNAL_ERROR: no certificate available for '139.59.104.70',1
ipv4,singapore,2026-04-26,INTERNAL_ERROR: no certificate available for 'sarooq.com',1
ipv4,singapore,2026-04-26,INTERNAL_ERROR: no certificate available for '139.59.117.50',1
ipv4,singapore,2026-04-26,INTERNAL_ERROR: no certificate available for '139.59.125.11',1
ipv4,singapore,2026-04-26,INTERNAL_ERROR: no certificate available for '139.59.143.43',1
ipv4,singapore,2026-04-26,INTERNAL_ERROR: no certificate available for '139.59.143.84',1
ipv4,singapore,2026-04-26,INTERNAL_ERROR: no certificate available for 'esercitati.omniavis.com',1
ipv4,singapore,2026-04-26,INTERNAL_ERROR: no certificate available for '10.0.1.10',1
ipv4,singapore,2026-04-26,INTERNAL_ERROR: no certificate available for '139.59.170.135',1
ipv4,singapore,2026-04-26,INTERNAL_ERROR: no certificate available for 'a4sheetlabels.net',1
ipv4,singapore,2026-04-26,INTERNAL_ERROR: no certificate available for '172.19.0.3',1
ipv4,singapore,2026-04-26,INTERNAL_ERROR: no certificate available for '139.59.182.146',1
ipv4,singapore,2026-04-26,INTERNAL_ERROR: no certificate available for '172.27.0.5',1
ipv4,singapore,2026-04-26,INTERNAL_ERROR: no certificate available for '139.59.210.45',1
ipv4,singapore,2026-04-26,INTERNAL_ERROR: no certificate available for '172.18.0.12',1
ipv4,singapore,2026-04-26,INTERNAL_ERROR: no certificate available for '10.15.0.6',1
ipv4,singapore,2026-04-26,INTERNAL_ERROR: no certificate available for '139.59.229.12',1
ipv4,singapore,2026-04-26,INTERNAL_ERROR: no certificate available for '139.59.233.62',1
ipv4,singapore,2026-04-26,INTERNAL_ERROR: no certificate available for '172.17.0.5',1
ipv4,singapore,2026-04-26,INTERNAL_ERROR: no certificate available for '139.59.254.134',1
ipv4,singapore,2026-04-26,INTERNAL_ERROR: no certificate available for '139.59.34.111',1
ipv4,singapore,2026-04-26,INTERNAL_ERROR: no certificate available for '10.47.0.8',1
ipv4,singapore,2026-04-26,INTERNAL_ERROR: no certificate available for '139.59.56.13',1
ipv4,singapore,2026-04-26,INTERNAL_ERROR: no certificate available for '139.59.69.236',1
ipv4,singapore,2026-04-26,INTERNAL_ERROR: no certificate available for '139.59.6.98',1
ipv4,singapore,2026-04-26,INTERNAL_ERROR: no certificate available for '139.59.7.183',1
ipv4,singapore,2026-04-26,INTERNAL_ERROR: no certificate available for '139.59.79.147',1
ipv4,singapore,2026-04-26,"no compatible QUIC version found (we support [v1 draft-29], server offered [gQUIC 43 gQUIC 46 0x51303530 0xff000018 0xff000019])",1
ipv4,singapore,2026-04-26,INTERNAL_ERROR: no certificate available for 'mpos2-01.sys.lspl.dev',1
ipv4,singapore,2026-04-26,INTERNAL_ERROR: no certificate available for '139.59.86.214',1
ipv4,singapore,2026-04-26,INTERNAL_ERROR: no certificate available for '139.59.88.225',1
ipv4,singapore,2026-04-26,INTERNAL_ERROR: no certificate available for '139.59.88.27',1
ipv4,singapore,2026-04-26,INTERNAL_ERROR: no certificate available for '139.59.91.85',1
ipv4,singapore,2026-04-26,INTERNAL_ERROR: no certificate available for '139.59.9.207',1
ipv4,singapore,2026-04-26,INTERNAL_ERROR: no certificate available for '139.59.92.133',1
ipv4,singapore,2026-04-26,INTERNAL_ERROR: no certificate available for '139.59.92.177',1
ipv4,singapore,2026-04-26,INTERNAL_ERROR: no certificate available for '21.153.66.148.host.secureserver.net',1
ipv4,singapore,2026-04-26,INVALID_TOKEN,1
ipv4,singapore,2026-04-26,INTERNAL_ERROR: no certificate available for '172.19.56.183',1
ipv4,singapore,2026-04-26,INTERNAL_ERROR: no certificate available for '10.0.4.12',1
ipv4,singapore,2026-04-26,INTERNAL_ERROR: no certificate available for '10.3.8.13',1
ipv4,singapore,2026-04-26,"no compatible QUIC version found (we support [v1 draft-29], server offered [0x51303939 0x9a8a4a0a gQUIC 48 gQUIC 46 gQUIC 43 gQUIC 39 0xff00001c 0x54303438])",1
ipv4,singapore,2026-04-26,"no compatible QUIC version found (we support [v1 draft-29], server offered [0x51303939 gQUIC 48 0xfa4a6ada gQUIC 46 gQUIC 43 gQUIC 39 0xff00001c 0x54303438])",1
ipv4,singapore,2026-04-26,INTERNAL_ERROR: no certificate available for '10.10.1.112',1
ipv4,singapore,2026-04-26,INTERNAL_ERROR: no certificate available for '10.11.24.68',1
ipv4,singapore,2026-04-26,INTERNAL_ERROR: no certificate available for '165-173-13-116.myrepublic.com.sg',1
ipv4,singapore,2026-04-26,"no compatible QUIC version found (we support [v1 draft-29], server offered [0xba7a6a9a 0xff000017])",1
ipv4,singapore,2026-04-26,INTERNAL_ERROR: no certificate available for '172.31.14.55',1
ipv4,singapore,2026-04-26,INTERNAL_ERROR: no certificate available for 'ecs-189-1-230-82.compute.hwclouds-dns.com',1
ipv4,singapore,2026-04-26,INTERNAL_ERROR: no certificate available for 'ecs-190-92-199-8.compute.hwclouds-dns.com',1
ipv4,singapore,2026-04-26,INTERNAL_ERROR: no certificate available for 'vmi2754658.contaboserver.net',1
ipv4,singapore,2026-04-26,INTERNAL_ERROR: no certificate available for 'vmi3245700.contaboserver.net',1
ipv4,singapore,2026-04-26,INTERNAL_ERROR: no certificate available for 'vmi1943743.contaboserver.net',1
ipv4,singapore,2026-04-26,INTERNAL_ERROR: no certificate available for 'vmi3069260.contaboserver.net',1
ipv4,singapore,2026-04-26,INTERNAL_ERROR: no certificate available for 'vmi3195116.contaboserver.net',1
ipv4,singapore,2026-04-26,INTERNAL_ERROR: no certificate available for 'vmi2358314.contaboserver.net',1
ipv4,singapore,2026-04-26,INTERNAL_ERROR: no certificate available for 'vmi3257245.contaboserver.net',1
ipv4,singapore,2026-04-26,INTERNAL_ERROR: no certificate available for 'vmi3173532.contaboserver.net',1
ipv4,singapore,2026-04-26,INTERNAL_ERROR: no certificate available for 'vmi2958124.contaboserver.net',1
ipv4,singapore,2026-04-26,INTERNAL_ERROR: no certificate available for 'vmi2358315.contaboserver.net',1
ipv4,singapore,2026-04-26,INTERNAL_ERROR: no certificate available for 'vmi3238301.contaboserver.net',1
ipv4,singapore,2026-04-26,INTERNAL_ERROR: no certificate available for 'vmi822326.contaboserver.net',1
ipv4,singapore,2026-04-26,INTERNAL_ERROR: no certificate available for 'vmi2691855.contaboserver.net',1
ipv4,singapore,2026-04-26,INTERNAL_ERROR: no certificate available for 'vmi1732973.contaboserver.net',1
ipv4,singapore,2026-04-26,INTERNAL_ERROR: no certificate available for 'vmi827906.contaboserver.net',1
ipv4,singapore,2026-04-26,INTERNAL_ERROR: no certificate available for 'vmi827907.contaboserver.net',1
ipv4,singapore,2026-04-26,INTERNAL_ERROR: no certificate available for 'ecs-202-170-91-73.compute.hwclouds-dns.com',1
ipv4,singapore,2026-04-26,INTERNAL_ERROR: no certificate available for '203.118.55.61',1
ipv4,singapore,2026-04-26,INTERNAL_ERROR: no certificate available for '172.18.0.9',1
ipv4,singapore,2026-04-26,INTERNAL_ERROR: no certificate available for 'ecs-213-250-136-1.compute.hwclouds-dns.com',1
ipv4,singapore,2026-04-26,INTERNAL_ERROR: no server found for '27.124.36.86',1
ipv4,singapore,2026-04-26,INTERNAL_ERROR: no certificate available for '27.125.171-99.unknown.starhub.net.sg',1
ipv4,singapore,2026-04-26,INTERNAL_ERROR: no server TLS configuration available for ClientHello: &{CipherSuites:[4865 4866 4867] ServerName: SupportedCurves:[X25519 CurveP256 CurveP384 CurveP521] SupportedPoints:[0] SignatureSchemes:[PSSWithSHA256 ECDSAWithP256AndSHA256 Ed25519 PSSWithSHA384 PSSWithSHA512 PKCS1WithSHA256 PKCS1WithSHA384 PKCS1WithSHA512 ECDSAWithP384AndSHA384 ECDSAWithP521AndSHA512 PKCS1WithSHA1 ECDSAWithSHA1] SupportedProtos:[h3 h3-29] SupportedVersions:[772] Conn:0xc000264320 config:0xc002b5a340 ctx:0xc0023bc410},1
ipv4,singapore,2026-04-26,INTERNAL_ERROR: no certificate available for 'bb42-61-227-74.singnet.com.sg',1
ipv4,singapore,2026-04-26,INTERNAL_ERROR: no certificate available for '172.19.0.153',1
ipv4,singapore,2026-04-26,INTERNAL_ERROR: no certificate available for '172.27.0.2',1
ipv4,singapore,2026-04-26,INTERNAL_ERROR: no server found for '43.103.51.101',1
ipv4,singapore,2026-04-26,INTERNAL_ERROR: no server found for '43.103.51.127',1
ipv4,singapore,2026-04-26,INTERNAL_ERROR: no certificate available for '172.25.107.220',1
ipv4,singapore,2026-04-26,INTERNAL_ERROR: no certificate available for '10.0.28.97',1
ipv4,singapore,2026-04-26,"no compatible QUIC version found (we support [v1 draft-29], server offered [0xa7a0aba 0xd4000400])",1
ipv4,singapore,2026-04-26,INTERNAL_ERROR: no certificate available for '192.168.0.3',1
ipv4,singapore,2026-04-26,INTERNAL_ERROR: no certificate available for '10.3.3.16',1
ipv4,singapore,2026-04-26,INTERNAL_ERROR: no certificate available for '10.0.4.7',1
ipv4,singapore,2026-04-26,INTERNAL_ERROR: no certificate available for '10.7.4.17',1
ipv4,singapore,2026-04-26,INTERNAL_ERROR: no server TLS configuration available for ClientHello: &{CipherSuites:[4865 4866 4867] ServerName: SupportedCurves:[X25519 CurveP256 CurveP384 CurveP521] SupportedPoints:[0] SignatureSchemes:[PSSWithSHA256 ECDSAWithP256AndSHA256 Ed25519 PSSWithSHA384 PSSWithSHA512 PKCS1WithSHA256 PKCS1WithSHA384 PKCS1WithSHA512 ECDSAWithP384AndSHA384 ECDSAWithP521AndSHA512 PKCS1WithSHA1 ECDSAWithSHA1] SupportedProtos:[h3 h3-29] SupportedVersions:[772] Conn:0xc000444340 config:0xc00033ed00 ctx:0xc000428320},1
ipv4,singapore,2026-04-26,INTERNAL_ERROR: no certificate available for '10.3.10.52',1
ipv4,singapore,2026-04-26,INTERNAL_ERROR: no certificate available for '10.3.0.6',1
ipv4,singapore,2026-04-26,INTERNAL_ERROR: no certificate available for '10.0.8.7',1
ipv4,singapore,2026-04-26,INTERNAL_ERROR: no certificate available for '10.11.4.68',1
ipv4,singapore,2026-04-26,INTERNAL_ERROR: no certificate available for '10.16.16.3',1
ipv4,singapore,2026-04-26,INTERNAL_ERROR: no certificate available for '172.26.0.10',1
ipv4,singapore,2026-04-26,INTERNAL_ERROR: no certificate available for '10.0.8.6',1
ipv4,singapore,2026-04-26,INTERNAL_ERROR: no certificate available for '172.19.0.16',1
ipv4,singapore,2026-04-26,INTERNAL_ERROR: no certificate available for 'abyy.net',1
ipv4,singapore,2026-04-26,"no compatible QUIC version found (we support [v1 draft-29], server offered [0xea3aca1a 0xd4000400])",1
ipv4,singapore,2026-04-26,"no compatible QUIC version found (we support [v1 draft-29], server offered [0x51303939 0x7a8a3aaa gQUIC 48 gQUIC 46 gQUIC 43 gQUIC 39 0xff00001c 0x54303438])",1
ipv4,singapore,2026-04-26,INTERNAL_ERROR: no certificate available for '10.11.5.81',1
ipv4,singapore,2026-04-26,INTERNAL_ERROR: no certificate available for '10.0.0.8',1
ipv4,singapore,2026-04-26,INTERNAL_ERROR: no certificate available for '10.0.0.3',1
ipv4,singapore,2026-04-26,INTERNAL_ERROR: no certificate available for '172.29.0.15',1
ipv4,singapore,2026-04-26,INTERNAL_ERROR: no certificate available for '10.3.4.10',1
ipv4,singapore,2026-04-26,INTERNAL_ERROR: no certificate available for '10.0.0.9',1
ipv4,singapore,2026-04-26,INTERNAL_ERROR: no certificate available for '10.0.0.2',1
ipv4,singapore,2026-04-26,INTERNAL_ERROR: no certificate available for '10.0.8.8',1
ipv4,singapore,2026-04-26,INTERNAL_ERROR: no certificate available for '10.0.1.83',1
ipv4,singapore,2026-04-26,INTERNAL_ERROR: no certificate available for '172.18.0.10',1
ipv4,singapore,2026-04-26,INTERNAL_ERROR: no server TLS configuration available for ClientHello: &{CipherSuites:[4865 4866 4867] ServerName: SupportedCurves:[X25519 CurveP256 CurveP384 CurveP521] SupportedPoints:[0] SignatureSchemes:[PSSWithSHA256 ECDSAWithP256AndSHA256 Ed25519 PSSWithSHA384 PSSWithSHA512 PKCS1WithSHA256 PKCS1WithSHA384 PKCS1WithSHA512 ECDSAWithP384AndSHA384 ECDSAWithP521AndSHA512 PKCS1WithSHA1 ECDSAWithSHA1] SupportedProtos:[h3 h3-29] SupportedVersions:[772] Conn:0xc000120440 config:0xc00187c680 ctx:0xc000fe01e0},1
ipv4,singapore,2026-04-26,INTERNAL_ERROR: no certificate available for '10.3.3.19',1
ipv4,singapore,2026-04-26,"no compatible QUIC version found (we support [v1 draft-29], server offered [0xba5acaaa 0xd4000400])",1
ipv4,singapore,2026-04-26,INTERNAL_ERROR: no certificate available for '172.19.0.14',1
ipv4,singapore,2026-04-26,"no compatible QUIC version found (we support [v1 draft-29], server offered [0x3a7a7aba 0xd4000400])",1
ipv4,singapore,2026-04-26,"no compatible QUIC version found (we support [v1 draft-29], server offered [0x9aba1a7a 0xd4000400])",1
ipv4,singapore,2026-04-26,"no compatible QUIC version found (we support [v1 draft-29], server offered [0xaa0afa7a 0xd4000400])",1
ipv4,singapore,2026-04-26,"no compatible QUIC version found (we support [v1 draft-29], server offered [0x4a0a8aaa 0xd4000400])",1
ipv4,singapore,2026-04-26,"no compatible QUIC version found (we support [v1 draft-29], server offered [0x5a0a5ada 0xd4000400])",1
ipv4,singapore,2026-04-26,INTERNAL_ERROR: no certificate available for '10.144.99.112',1
ipv4,singapore,2026-04-26,"no compatible QUIC version found (we support [v1 draft-29], server offered [0x51303939 0x1a7a6aaa gQUIC 48 gQUIC 46 gQUIC 43 gQUIC 39 0xff00001c 0x54303438])",1
ipv4,singapore,2026-04-26,"no compatible QUIC version found (we support [v1 draft-29], server offered [0x51303939 gQUIC 48 gQUIC 46 gQUIC 43 gQUIC 39 0xff00001c 0x2aca1ada 0x54303438])",1
ipv4,singapore,2026-04-26,"no compatible QUIC version found (we support [v1 draft-29], server offered [0x2a6aaaaa 0x51303939 gQUIC 48 gQUIC 46 gQUIC 43 gQUIC 39 0xff00001c 0x54303438])",1
ipv4,singapore,2026-04-26,"no compatible QUIC version found (we support [v1 draft-29], server offered [0x51303939 gQUIC 48 gQUIC 46 gQUIC 43 gQUIC 39 0xff00001c 0x1a2afa5a 0x54303438])",1
ipv4,singapore,2026-04-26,INTERNAL_ERROR: no certificate available for '10.0.4.11',1
ipv4,singapore,2026-04-26,INTERNAL_ERROR: no certificate available for '10.4.4.14',1
ipv4,singapore,2026-04-26,"no compatible QUIC version found (we support [v1 draft-29], server offered [0xff000017 0x1a5a0afa])",1
ipv4,singapore,2026-04-26,INTERNAL_ERROR: no certificate available for '10.4.4.10',1
ipv4,singapore,2026-04-26,INTERNAL_ERROR: no server found for '43.154.102.126',1
ipv4,singapore,2026-04-26,"no compatible QUIC version found (we support [v1 draft-29], server offered [0x4a2a5aaa 0xff000017])",1
ipv4,singapore,2026-04-26,"no compatible QUIC version found (we support [v1 draft-29], server offered [0xff000017 0x6adafa2a])",1
ipv4,singapore,2026-04-26,"no compatible QUIC version found (we support [v1 draft-29], server offered [0x5a5a7a6a 0xff000017])",1
ipv4,singapore,2026-04-26,INVALID_TOKEN: cannot decrypt token,1
ipv4,singapore,2026-04-26,INTERNAL_ERROR: no certificate available for '10.0.4.2',1
ipv4,singapore,2026-04-26,INTERNAL_ERROR: no server TLS configuration available for ClientHello: &{CipherSuites:[4865 4866 4867] ServerName: SupportedCurves:[X25519 CurveP256 CurveP384 CurveP521] SupportedPoints:[0] SignatureSchemes:[PSSWithSHA256 ECDSAWithP256AndSHA256 Ed25519 PSSWithSHA384 PSSWithSHA512 PKCS1WithSHA256 PKCS1WithSHA384 PKCS1WithSHA512 ECDSAWithP384AndSHA384 ECDSAWithP521AndSHA512 PKCS1WithSHA1 ECDSAWithSHA1] SupportedProtos:[h3 h3-29] SupportedVersions:[772] Conn:0xc0002a4200 config:0xc00069e4e0 ctx:0xc000236370},1
ipv4,singapore,2026-04-26,"no compatible QUIC version found (we support [v1 draft-29], server offered [0xfa5a3aaa 0xff000017])",1
ipv4,singapore,2026-04-26,INTERNAL_ERROR: no certificate available for '10.0.8.4',1
ipv4,singapore,2026-04-26,INTERNAL_ERROR: no certificate available for '10.3.4.158',1
ipv4,singapore,2026-04-26,"no compatible QUIC version found (we support [v1 draft-29], server offered [0xba0a0a8a 0xd4000400])",1
ipv4,singapore,2026-04-26,INTERNAL_ERROR: no certificate available for '10.11.5.161',1
ipv4,singapore,2026-04-26,"no compatible QUIC version found (we support [v1 draft-29], server offered [0x8a6aaaaa 0xd4000400])",1
ipv4,singapore,2026-04-26,"no compatible QUIC version found (we support [v1 draft-29], server offered [0xda1a7a7a 0xff000017])",1
ipv4,singapore,2026-04-26,"no compatible QUIC version found (we support [v1 draft-29], server offered [0xff000017 0xda2a8aba])",1
ipv4,singapore,2026-04-26,INTERNAL_ERROR: no server found for '43.160.207.158',1
ipv4,singapore,2026-04-26,INTERNAL_ERROR: no certificate available for '10.7.4.4',1
ipv4,singapore,2026-04-26,CRYPTO_ERROR (0x12a): tls: failed to parse certificate from server: x509: SAN dNSName is malformed,1
ipv4,singapore,2026-04-26,INTERNAL_ERROR: no server found for '43.167.186.223',1
ipv4,singapore,2026-04-26,"no compatible QUIC version found (we support [v1 draft-29], server offered [0xa2a5aca 0xd4000400])",1
ipv4,singapore,2026-04-26,"no compatible QUIC version found (we support [v1 draft-29], server offered [0x6abada4a 0xd4000400])",1
ipv4,singapore,2026-04-26,"no compatible QUIC version found (we support [v1 draft-29], server offered [0xaa0aaa0a 0xd4000400])",1
ipv4,singapore,2026-04-26,"no compatible QUIC version found (we support [v1 draft-29], server offered [0xfa1a9afa 0xd4000400])",1
ipv4,singapore,2026-04-26,"no compatible QUIC version found (we support [v1 draft-29], server offered [0x8a0aca0a 0xd4000400])",1
ipv4,singapore,2026-04-26,"no compatible QUIC version found (we support [v1 draft-29], server offered [0x2afafa0a 0xd4000400])",1
ipv4,singapore,2026-04-26,"no compatible QUIC version found (we support [v1 draft-29], server offered [0x3aba3a2a 0xd4000400])",1
ipv4,singapore,2026-04-26,"no compatible QUIC version found (we support [v1 draft-29], server offered [0xda6a1aba 0xd4000400])",1
ipv4,singapore,2026-04-26,"no compatible QUIC version found (we support [v1 draft-29], server offered [0x51303939 gQUIC 48 gQUIC 46 gQUIC 43 gQUIC 39 0xff00001c 0xda1afa7a 0x54303438])",1
ipv4,singapore,2026-04-26,INTERNAL_ERROR: no certificate available for '45-118-132-174.ip.linodeusercontent.com',1
ipv4,singapore,2026-04-26,INTERNAL_ERROR: no certificate available for '45.119.200.242',1
ipv4,singapore,2026-04-26,INTERNAL_ERROR: no certificate available for 'pma.zeusservers.net',1
ipv4,singapore,2026-04-26,INTERNAL_ERROR: no certificate available for 'static.45.127.32.223.orangevps.com',1
ipv4,singapore,2026-04-26,INTERNAL_ERROR: no certificate available for '192.168.1.120',1
ipv4,singapore,2026-04-26,INTERNAL_ERROR: no certificate available for '192.168.1.94',1
ipv4,singapore,2026-04-26,INTERNAL_ERROR: no certificate available for '10.0.1.2',1
ipv4,singapore,2026-04-26,INTERNAL_ERROR: no server found for '134.95.120.64.hosted.by.hostdzire.com',1
ipv4,singapore,2026-04-26,INTERNAL_ERROR: no certificate available for '74-218-96-66.myrepublic.com.sg',1
ipv4,singapore,2026-04-26,"no compatible QUIC version found (we support [v1 draft-29], server offered [0x51303530 0xaada9a2a gQUIC 46 gQUIC 43])",1
ipv4,singapore,2026-04-26,"no compatible QUIC version found (we support [v1 draft-29], server offered [0x51303530 gQUIC 46 0x4a1a9aaa gQUIC 43])",1
ipv4,singapore,2026-04-26,"no compatible QUIC version found (we support [v1 draft-29], server offered [0x51303530 gQUIC 46 gQUIC 43 0xaadada5a])",1
ipv4,singapore,2026-04-26,"no compatible QUIC version found (we support [v1 draft-29], server offered [0x7afa5aaa 0x51303530 gQUIC 46 gQUIC 43])",1
ipv4,singapore,2026-04-26,"no compatible QUIC version found (we support [v1 draft-29], server offered [0x51303530 gQUIC 46 gQUIC 43 0x8a1afafa])",1
ipv4,singapore,2026-04-26,INTERNAL_ERROR: no certificate available for '172.16.130.69',1
ipv4,singapore,2026-04-26,INTERNAL_ERROR: no certificate available for '172.27.27.64',1
ipv4,singapore,2026-04-26,INTERNAL_ERROR: no certificate available for '172.28.187.117',1
ipv4,singapore,2026-04-26,INTERNAL_ERROR: no certificate available for '172.22.21.67',1
ipv4,singapore,2026-04-26,INTERNAL_ERROR: no certificate available for '172.18.7.14',1
ipv4,singapore,2026-04-26,INTERNAL_ERROR: no certificate available for '172.18.110.204',1
ipv4,singapore,2026-04-26,"CRYPTO_BUFFER_EXCEEDED: received invalid offset 16415 on crypto stream, maximum allowed 16384",1
ipv4,singapore,2026-04-26,INTERNAL_ERROR: no certificate available for '172.23.132.104',1
ipv4,singapore,2026-04-26,INTERNAL_ERROR: no certificate available for '172.18.136.186',1
ipv4,singapore,2026-04-26,INTERNAL_ERROR: no certificate available for '172.30.0.6',1
ipv4,singapore,2026-04-26,INTERNAL_ERROR: no certificate available for '172.19.0.2',1
ipv4,singapore,2026-04-26,"CRYPTO_BUFFER_EXCEEDED: received invalid offset 16412 on crypto stream, maximum allowed 16384",1
ipv4,singapore,2026-04-26,INTERNAL_ERROR: no certificate available for '10.70.5.21',1
ipv4,singapore,2026-04-26,INTERNAL_ERROR: no certificate available for '10.1.232.197',1
ipv4,singapore,2026-04-26,INTERNAL_ERROR: no certificate available for '10.2.133.113',1
ipv4,singapore,2026-04-26,INTERNAL_ERROR: no server found for '8.209.246.145',1
ipv4,singapore,2026-04-26,INTERNAL_ERROR: no certificate available for '172.17.30.122',1
ipv4,singapore,2026-04-26,INTERNAL_ERROR: no certificate available for '172.17.49.50',1
ipv4,singapore,2026-04-26,INTERNAL_ERROR: no certificate available for '172.19.11.10',1
ipv4,singapore,2026-04-26,INTERNAL_ERROR: no certificate available for '172.21.60.26',1
ipv4,singapore,2026-04-26,INTERNAL_ERROR: no certificate available for '172.19.35.235',1
ipv4,singapore,2026-04-26,INTERNAL_ERROR: no certificate available for '172.17.54.152',1
ipv4,singapore,2026-04-26,CRYPTO_ERROR (0x12a): tls: failed to parse certificate from server: x509: invalid ECDSA parameters,1
ipv4,singapore,2026-04-26,INTERNAL_ERROR: no server TLS configuration available for ClientHello: &{CipherSuites:[4865 4866 4867] ServerName: SupportedCurves:[X25519 CurveP256 CurveP384 CurveP521] SupportedPoints:[0] SignatureSchemes:[PSSWithSHA256 ECDSAWithP256AndSHA256 Ed25519 PSSWithSHA384 PSSWithSHA512 PKCS1WithSHA256 PKCS1WithSHA384 PKCS1WithSHA512 ECDSAWithP384AndSHA384 ECDSAWithP521AndSHA512 PKCS1WithSHA1 ECDSAWithSHA1] SupportedProtos:[h3 h3-29] SupportedVersions:[772] Conn:0xc00053e180 config:0xc0001bcf00 ctx:0xc000f241e0},1
ipv4,singapore,2026-04-26,INTERNAL_ERROR: no certificate available for '172.17.22.238',1
ipv4,singapore,2026-04-26,INTERNAL_ERROR: no certificate available for '172.17.0.187',1
ipv4,singapore,2026-04-26,INTERNAL_ERROR: no certificate available for '172.17.9.55',1
ipv4,singapore,2026-04-26,INTERNAL_ERROR: no certificate available for '172.17.0.160',1
ipv4,singapore,2026-04-26,INTERNAL_ERROR: no certificate available for '172.17.17.111',1
ipv4,singapore,2026-04-26,INTERNAL_ERROR: no server found for '8.211.154.124',1
ipv4,singapore,2026-04-26,INTERNAL_ERROR: no server found for '8.211.174.102',1
ipv4,singapore,2026-04-26,"CRYPTO_BUFFER_EXCEEDED: received invalid offset 16405 on crypto stream, maximum allowed 16384",1
ipv4,singapore,2026-04-26,INTERNAL_ERROR: no certificate available for '172.19.25.161',1
ipv4,singapore,2026-04-26,INTERNAL_ERROR: no server found for '8.217.17.141',1
ipv4,singapore,2026-04-26,INTERNAL_ERROR: no certificate available for '172.19.31.197',1
ipv4,singapore,2026-04-26,INTERNAL_ERROR: no certificate available for '172.21.54.231',1
ipv4,singapore,2026-04-26,INTERNAL_ERROR: no certificate available for '172.23.52.45',1
ipv4,singapore,2026-04-26,INTERNAL_ERROR: no certificate available for '172.17.10.174',1
ipv4,singapore,2026-04-26,INTERNAL_ERROR: no certificate available for '10.0.1.84',1
ipv4,singapore,2026-04-26,INTERNAL_ERROR: no certificate available for '172.17.56.96',1
ipv4,singapore,2026-04-26,INTERNAL_ERROR: no server found for '8.219.108.90',1
ipv4,singapore,2026-04-26,INTERNAL_ERROR: no certificate available for '10.1.148.252',1
ipv4,singapore,2026-04-26,INTERNAL_ERROR: no certificate available for '172.17.50.140',1
ipv4,singapore,2026-04-26,INTERNAL_ERROR: no certificate available for 'seanwen.net',1
ipv4,singapore,2026-04-26,INTERNAL_ERROR: no certificate available for '172.18.183.133',1
ipv4,singapore,2026-04-26,INTERNAL_ERROR: no certificate available for '172.17.0.29',1
ipv4,singapore,2026-04-26,INTERNAL_ERROR: no certificate available for '172.18.183.131',1
ipv4,singapore,2026-04-26,INTERNAL_ERROR: no certificate available for '10.0.16.151',1
ipv4,singapore,2026-04-26,INTERNAL_ERROR: no certificate available for '10.1.153.80',1
ipv4,singapore,2026-04-26,"CRYPTO_BUFFER_EXCEEDED: received invalid offset 16408 on crypto stream, maximum allowed 16384",1
ipv4,singapore,2026-04-26,INTERNAL_ERROR: no certificate available for '172.20.194.161',1
ipv4,singapore,2026-04-26,INTERNAL_ERROR: no certificate available for '10.1.152.163',1
ipv4,singapore,2026-04-26,INTERNAL_ERROR: no certificate available for 'ecs-94-74-80-163.compute.hwclouds-dns.com',1
ipv4,singapore,2026-04-26,INTERNAL_ERROR: no certificate available for 'ecs-94-74-98-39.compute.hwclouds-dns.com',1
ipv4,thailand,2026-04-25,timeout: no recent network activity,18805
ipv4,thailand,2026-04-25,CRYPTO_ERROR (0x150): 200:internal error,1849
ipv4,thailand,2026-04-25,CRYPTO_ERROR (0x150): TLS alert 80,523
ipv4,thailand,2026-04-25,CRYPTO_ERROR (0x128): 28:TLS handshake failure (ENCRYPTION_INITIAL) 40: handshake failure. SSLErrorStack:[handshake_server.cc:602] error:10000085:SSL routines:OPENSSL_internal:CONNECTION_REJECTED. ExtraDetail:select_cert_error: proof_source_handle async failure,455
ipv4,thailand,2026-04-25,CRYPTO_ERROR (0x150): tls: internal error,145
ipv4,thailand,2026-04-25,CRYPTO_ERROR (0x128): handshake failed,112
ipv4,thailand,2026-04-25,CRYPTO_ERROR (0x146): handshake failed,99
ipv4,thailand,2026-04-25,NO_ERROR,58
ipv4,thailand,2026-04-25,CRYPTO_ERROR (0x128) (frame type: 0x6): 28:TLS handshake failure (ENCRYPTION_INITIAL) 40: handshake failure,58
ipv4,thailand,2026-04-25,CRYPTO_ERROR (0x170): handshake failed,57
ipv4,thailand,2026-04-25,CRYPTO_ERROR (0x178): tls: no application protocol,33
ipv4,thailand,2026-04-25,CRYPTO_ERROR (0x10a): tls: server sent two HelloRetryRequest messages,10
ipv4,thailand,2026-04-25,CRYPTO_ERROR (0x128): 28:TLS handshake failure (ENCRYPTION_INITIAL) 40: handshake failure,8
ipv4,thailand,2026-04-25,PROTOCOL_VIOLATION: 28:Connection is closed by create session failed,7
ipv4,thailand,2026-04-25,CRYPTO_ERROR (0x150): handshake failed,6
ipv4,thailand,2026-04-25,"no compatible QUIC version found (we support [v1 draft-29], server offered [gQUIC 43 gQUIC 46 0x51303530 0xff000019 0xff00001b])",5
ipv4,thailand,2026-04-25,INTERNAL_ERROR: no certificate available for '::',4
ipv4,thailand,2026-04-25,INTERNAL_ERROR,4
ipv4,thailand,2026-04-25,"no compatible QUIC version found (we support [v1 draft-29], server offered [0xff000018 0xff000017])",3
ipv4,thailand,2026-04-25,"CRYPTO_BUFFER_EXCEEDED: received invalid offset 17293 on crypto stream, maximum allowed 16384",2
ipv4,thailand,2026-04-25,INTERNAL_ERROR: no certificate available for '172.18.0.4',2
ipv4,thailand,2026-04-25,INVALID_TOKEN,2
ipv4,thailand,2026-04-25,INTERNAL_ERROR: no certificate available for '10.16.197.197',1
ipv4,thailand,2026-04-25,"no compatible QUIC version found (we support [v1 draft-29], server offered [gQUIC 43 gQUIC 46 0x51303530 0xff00001b 0xff00001c])",1
ipv4,thailand,2026-04-25,CRYPTO_ERROR (0x116): tls: record overflow,1
ipv4,thailand,2026-04-25,CRYPTO_ERROR (0x178): handshake failed,1
ipv4,thailand,2026-04-25,"no compatible QUIC version found (we support [v1 draft-29], server offered [gQUIC 39 gQUIC 43 gQUIC 46 0xff000016])",1
ipv4,thailand,2026-04-25,INTERNAL_ERROR: no certificate available for '172.18.0.6',1
ipv4,thailand,2026-04-25,INTERNAL_ERROR: no certificate available for '10.0.1.7',1
ipv4,thailand,2026-04-25,"no compatible QUIC version found (we support [v1 draft-29], server offered [0x0 0x0 0x3 0x92cee4f7])",1
ipv4,thailand,2026-04-25,"no compatible QUIC version found (we support [v1 draft-29], server offered [0x0 0x0 0xff0003 0x26957709])",1
ipv4,thailand,2026-04-25,"no compatible QUIC version found (we support [v1 draft-29], server offered [0x0 0x0 0x3 0x400d539f])",1
ipv4,thailand,2026-04-25,INTERNAL_ERROR: no certificate available for 'mx-ll-183.88.216-100.dynamic.3bb.co.th',1
ipv4,thailand,2026-04-25,INTERNAL_ERROR: no certificate available for '172.19.0.5',1
ipv4,thailand,2026-04-25,CONNECTION_REFUSED,1
ipv4,thailand,2026-04-25,INTERNAL_ERROR: no certificate available for '203-151-239-145.inet.co.th',1
ipv4,thailand,2026-04-25,INTERNAL_ERROR: no certificate available for '203-151-239-146.inet.co.th',1
ipv4,thailand,2026-04-25,CRYPTO_ERROR (0x15a): tls: user canceled,1
ipv4,thailand,2026-04-25,INTERNAL_ERROR: no certificate available for '10.10.3.10',1
ipv4,thailand,2026-04-25,INTERNAL_ERROR: no certificate available for '203.159.5.93',1
ipv4,thailand,2026-04-25,INTERNAL_ERROR: no certificate available for '203.185.97.23',1
ipv4,thailand,2026-04-25,INTERNAL_ERROR: no certificate available for 'host-27-254-140-101.csl.de.co.th',1
ipv4,thailand,2026-04-25,INTERNAL_ERROR: no certificate available for '192.168.160.2',1
ipv4,thailand,2026-04-25,INTERNAL_ERROR: no certificate available for '192.168.208.3',1
ipv4,thailand,2026-04-25,INVALID_TOKEN: cannot decrypt token,1
ipv4,thailand,2026-04-25,CRYPTO_ERROR (0x170): tls: unrecognized name,1
ipv4,thailand,2026-04-25,INTERNAL_ERROR: no certificate available for '10.0.1.9',1
ipv4,thailand,2026-04-25,INTERNAL_ERROR: no certificate available for '61-91-167-215.static.asianet.co.th',1
ipv4,timorleste,2026-04-25,timeout: no recent network activity,334
ipv4,timorleste,2026-04-25,CRYPTO_ERROR (0x128): tls: handshake failure,31
ipv4,timorleste,2026-04-25,CRYPTO_ERROR (0x128): 28:TLS handshake failure (ENCRYPTION_INITIAL) 40: handshake failure. SSLErrorStack:[handshake_server.cc:602] error:10000085:SSL routines:OPENSSL_internal:CONNECTION_REJECTED. ExtraDetail:select_cert_error: proof_source_handle async failure,1
ipv4,vietnam,2026-04-28,timeout: no recent network activity,39508
ipv4,vietnam,2026-04-28,CRYPTO_ERROR (0x150): TLS alert 80,3312
ipv4,vietnam,2026-04-28,CRYPTO_ERROR (0x128): 28:TLS handshake failure (ENCRYPTION_INITIAL) 40: handshake failure. SSLErrorStack:[handshake_server.cc:602] error:10000085:SSL routines:OPENSSL_internal:CONNECTION_REJECTED. ExtraDetail:select_cert_error: proof_source_handle async failure,2112
ipv4,vietnam,2026-04-28,CRYPTO_ERROR (0x150): 200:internal error,771
ipv4,vietnam,2026-04-28,CRYPTO_ERROR (0x150): tls: internal error,605
ipv4,vietnam,2026-04-28,CRYPTO_ERROR (0x128) (frame type: 0x6): 28:TLS handshake failure (ENCRYPTION_INITIAL) 40: handshake failure,377
ipv4,vietnam,2026-04-28,CRYPTO_ERROR (0x170): handshake failed,139
ipv4,vietnam,2026-04-28,CRYPTO_ERROR (0x178): tls: no application protocol,120
ipv4,vietnam,2026-04-28,"no compatible QUIC version found (we support [v1 draft-29], server offered [gQUIC 43 gQUIC 46 0x51303530 0xff000019 0xff00001b])",71
ipv4,vietnam,2026-04-28,CRYPTO_ERROR (0x146): handshake failed,41
ipv4,vietnam,2026-04-28,CRYPTO_ERROR (0x128): tls: handshake failure,30
ipv4,vietnam,2026-04-28,INTERNAL_ERROR,29
ipv4,vietnam,2026-04-28,NO_ERROR: 0:Closed by application with reason: no filter chain found,20
ipv4,vietnam,2026-04-28,INTERNAL_ERROR: no certificate available for '::',19
ipv4,vietnam,2026-04-28,NO_ERROR: handshake failed,18
ipv4,vietnam,2026-04-28,CRYPTO_ERROR (0x10a): tls: server sent two HelloRetryRequest messages,16
ipv4,vietnam,2026-04-28,INVALID_TOKEN,15
ipv4,vietnam,2026-04-28,CRYPTO_ERROR (0x178): handshake failed,14
ipv4,vietnam,2026-04-28,NO_ERROR,7
ipv4,vietnam,2026-04-28,PROTOCOL_VIOLATION: 28:Connection is closed by create session failed,7
ipv4,vietnam,2026-04-28,CRYPTO_ERROR (0x128): handshake failed,7
ipv4,vietnam,2026-04-28,CONNECTION_REFUSED,5
ipv4,vietnam,2026-04-28,INTERNAL_ERROR: no certificate available for '172.18.0.3',4
ipv4,vietnam,2026-04-28,INTERNAL_ERROR: no certificate available for 'static.vnpt.vn',4
ipv4,vietnam,2026-04-28,"no compatible QUIC version found (we support [v1 draft-29], server offered [gQUIC 43 gQUIC 46 0x51303530 0xff00001b 0xff00001c])",3
ipv4,vietnam,2026-04-28,CRYPTO_ERROR (0x178): no suitable application protocol,3
ipv4,vietnam,2026-04-28,CRYPTO_ERROR (0x170): tls: unrecognized name,3
ipv4,vietnam,2026-04-28,CRYPTO_ERROR (0x150): handshake failed,3
ipv4,vietnam,2026-04-28,INTERNAL_ERROR: no certificate available for 'homtail.shop',2
ipv4,vietnam,2026-04-28,INTERNAL_ERROR: no certificate available for '172.18.0.4',2
ipv4,vietnam,2026-04-28,INTERNAL_ERROR: no certificate available for '172.18.0.2',2
ipv4,vietnam,2026-04-28,INTERNAL_ERROR: no certificate available for 'pointer.vps.house',2
ipv4,vietnam,2026-04-28,PROTOCOL_VIOLATION,2
ipv4,vietnam,2026-04-28,INTERNAL_ERROR: no certificate available for '172.21.0.2',2
ipv4,vietnam,2026-04-28,"CRYPTO_BUFFER_EXCEEDED: received invalid offset 16660 on crypto stream, maximum allowed 16384",2
ipv4,vietnam,2026-04-28,INTERNAL_ERROR: no certificate available for 'static-ptr.vndata.vn',1
ipv4,vietnam,2026-04-28,INTERNAL_ERROR: no certificate available for '103.12.76.30',1
ipv4,vietnam,2026-04-28,INTERNAL_ERROR: no certificate available for 'vnfarm',1
ipv4,vietnam,2026-04-28,CRYPTO_ERROR (0x15a): tls: user canceled,1
ipv4,vietnam,2026-04-28,INTERNAL_ERROR: no certificate available for '103.153.74.211',1
ipv4,vietnam,2026-04-28,INTERNAL_ERROR: no certificate available for '103.15.90.79',1
ipv4,vietnam,2026-04-28,INTERNAL_ERROR: no certificate available for '103.162.92.100',1
ipv4,vietnam,2026-04-28,INTERNAL_ERROR: no certificate available for '103.166.184.102.cloudfly.vn',1
ipv4,vietnam,2026-04-28,INTERNAL_ERROR: no certificate available for '103.166.184.135.cloudfly.vn',1
ipv4,vietnam,2026-04-28,INTERNAL_ERROR: no certificate available for '103.166.184.153.cloudfly.vn',1
ipv4,vietnam,2026-04-28,INTERNAL_ERROR: no certificate available for '103.166.184.17.cloudfly.vn',1
ipv4,vietnam,2026-04-28,INTERNAL_ERROR: no certificate available for '103.166.184.180.cloudfly.vn',1
ipv4,vietnam,2026-04-28,INTERNAL_ERROR: no certificate available for 'gogofood.org',1
ipv4,vietnam,2026-04-28,INTERNAL_ERROR: no certificate available for 'mavachgiare.net',1
ipv4,vietnam,2026-04-28,INTERNAL_ERROR: no certificate available for '103.166.184.22.cloudfly.vn',1
ipv4,vietnam,2026-04-28,INTERNAL_ERROR: no certificate available for '103.166.184.70.cloudfly.vn',1
ipv4,vietnam,2026-04-28,INTERNAL_ERROR: no certificate available for '103.166.185.119.cloudfly.vn',1
ipv4,vietnam,2026-04-28,INTERNAL_ERROR: no certificate available for '103.166.185.138.cloudfly.vn',1
ipv4,vietnam,2026-04-28,INTERNAL_ERROR: no certificate available for '172.18.0.9',1
ipv4,vietnam,2026-04-28,CRYPTO_ERROR (0x178): ALPN negotiation failed. Server didn't offer any protocols,1
ipv4,vietnam,2026-04-28,INTERNAL_ERROR: no certificate available for '103.179.172.215.cloudfly.vn',1
ipv4,vietnam,2026-04-28,INTERNAL_ERROR: no certificate available for '103.179.173.242.cloudfly.vn',1
ipv4,vietnam,2026-04-28,INTERNAL_ERROR: no certificate available for 'n2i.ovh',1
ipv4,vietnam,2026-04-28,INTERNAL_ERROR: no certificate available for '103.179.188.116.cloudfly.vn',1
ipv4,vietnam,2026-04-28,INTERNAL_ERROR: no certificate available for '103.179.188.169.cloudfly.vn',1
ipv4,vietnam,2026-04-28,INTERNAL_ERROR: no certificate available for '540hz.net',1
ipv4,vietnam,2026-04-28,INTERNAL_ERROR: no certificate available for '103.179.188.31.cloudfly.vn',1
ipv4,vietnam,2026-04-28,INTERNAL_ERROR: no certificate available for '103.179.188.7.cloudfly.vn',1
ipv4,vietnam,2026-04-28,INTERNAL_ERROR: no certificate available for 'traigakhanhhoa.com',1
ipv4,vietnam,2026-04-28,INTERNAL_ERROR: no certificate available for '103.179.188.83.cloudfly.vn',1
ipv4,vietnam,2026-04-28,INTERNAL_ERROR: no certificate available for '103.179.189.113.cloudfly.vn',1
ipv4,vietnam,2026-04-28,INTERNAL_ERROR: no certificate available for '103.179.189.157.cloudfly.vn',1
ipv4,vietnam,2026-04-28,INTERNAL_ERROR: no certificate available for 'organismes.org',1
ipv4,vietnam,2026-04-28,INTERNAL_ERROR: no certificate available for '103.179.189.183.cloudfly.vn',1
ipv4,vietnam,2026-04-28,INTERNAL_ERROR: no certificate available for '103.179.189.192.cloudfly.vn',1
ipv4,vietnam,2026-04-28,INTERNAL_ERROR: no certificate available for '103.179.189.201.cloudfly.vn',1
ipv4,vietnam,2026-04-28,INTERNAL_ERROR: no certificate available for '103.179.189.37.cloudfly.vn',1
ipv4,vietnam,2026-04-28,INTERNAL_ERROR: no certificate available for '103.179.189.47.cloudfly.vn',1
ipv4,vietnam,2026-04-28,INTERNAL_ERROR: no certificate available for '103.232.123.243.vhost.vn',1
ipv4,vietnam,2026-04-28,INTERNAL_ERROR: no certificate available for 'tino',1
ipv4,vietnam,2026-04-28,INTERNAL_ERROR: no certificate available for '172.18.0.6',1
ipv4,vietnam,2026-04-28,INTERNAL_ERROR: no certificate available for '103.249.117.254',1
ipv4,vietnam,2026-04-28,INTERNAL_ERROR: no certificate available for '103.27.62.167',1
ipv4,vietnam,2026-04-28,INTERNAL_ERROR: no certificate available for '103.69.194.211',1
ipv4,vietnam,2026-04-28,INTERNAL_ERROR: no certificate available for '103.69.194.84',1
ipv4,vietnam,2026-04-28,INTERNAL_ERROR: no certificate available for '103.70.12.173',1
ipv4,vietnam,2026-04-28,INTERNAL_ERROR: no certificate available for '103.72.98.166',1
ipv4,vietnam,2026-04-28,INTERNAL_ERROR: no certificate available for 'mx40149.superdata.vn',1
ipv4,vietnam,2026-04-28,INTERNAL_ERROR: no certificate available for 'mx43155.superdata.vn',1
ipv4,vietnam,2026-04-28,INTERNAL_ERROR: no certificate available for '172.21.0.5',1
ipv4,vietnam,2026-04-28,INTERNAL_ERROR: no certificate available for 'smtp.hivichimy.xyz',1
ipv4,vietnam,2026-04-28,INTERNAL_ERROR: no certificate available for '103.82.194.99.cloudfly.vn',1
ipv4,vietnam,2026-04-28,INTERNAL_ERROR: no certificate available for 'tibiscuit.ovh',1
ipv4,vietnam,2026-04-28,INTERNAL_ERROR: no certificate available for '103.82.20.29.cloudfly.vn',1
ipv4,vietnam,2026-04-28,INTERNAL_ERROR: no certificate available for 'zyvon.site',1
ipv4,vietnam,2026-04-28,INTERNAL_ERROR: no certificate available for 'giathepxaydung.net',1
ipv4,vietnam,2026-04-28,INTERNAL_ERROR: no certificate available for 'homefiresprinkler.org',1
ipv4,vietnam,2026-04-28,INTERNAL_ERROR: no certificate available for 'nhrighttoknowgmo.org',1
ipv4,vietnam,2026-04-28,INTERNAL_ERROR: no certificate available for '103.82.21.23.cloudfly.vn',1
ipv4,vietnam,2026-04-28,INTERNAL_ERROR: no certificate available for '103.82.21.86.cloudfly.vn',1
ipv4,vietnam,2026-04-28,INTERNAL_ERROR: no certificate available for '103.82.22.217.cloudfly.vn',1
ipv4,vietnam,2026-04-28,INTERNAL_ERROR: no certificate available for '103.82.22.245.cloudfly.vn',1
ipv4,vietnam,2026-04-28,INTERNAL_ERROR: no certificate available for '172.18.0.5',1
ipv4,vietnam,2026-04-28,INTERNAL_ERROR: no certificate available for 'smtp.sendhub.site',1
ipv4,vietnam,2026-04-28,INTERNAL_ERROR: no certificate available for 'server.cloudfly.vn',1
ipv4,vietnam,2026-04-28,INTERNAL_ERROR: no certificate available for '103.82.24.27.cloudfly.vn',1
ipv4,vietnam,2026-04-28,INTERNAL_ERROR: no certificate available for '103.82.25.113.cloudfly.vn',1
ipv4,vietnam,2026-04-28,INTERNAL_ERROR: no certificate available for 'smtp.hivichi.lol',1
ipv4,vietnam,2026-04-28,INTERNAL_ERROR: no certificate available for '103.82.26.149.cloudfly.vn',1
ipv4,vietnam,2026-04-28,INTERNAL_ERROR: no certificate available for '103.82.26.159.cloudfly.vn',1
ipv4,vietnam,2026-04-28,INTERNAL_ERROR: no certificate available for '103.82.26.241.cloudfly.vn',1
ipv4,vietnam,2026-04-28,INTERNAL_ERROR: no certificate available for '103.82.26.74.cloudfly.vn',1
ipv4,vietnam,2026-04-28,INTERNAL_ERROR: no certificate available for '103.82.27.115.cloudfly.vn',1
ipv4,vietnam,2026-04-28,INTERNAL_ERROR: no certificate available for '103.82.27.207.cloudfly.vn',1
ipv4,vietnam,2026-04-28,INTERNAL_ERROR: no certificate available for '103.82.27.211.cloudfly.vn',1
ipv4,vietnam,2026-04-28,INTERNAL_ERROR: no certificate available for '103.82.27.47.cloudfly.vn',1
ipv4,vietnam,2026-04-28,"no compatible QUIC version found (we support [v1 draft-29], server offered [gQUIC 39 gQUIC 43 gQUIC 46 0xff000017 0xff000018])",1
ipv4,vietnam,2026-04-28,INTERNAL_ERROR: no certificate available for '103.93.92.210',1
ipv4,vietnam,2026-04-28,INTERNAL_ERROR: no certificate available for 'no-ptr.123host.vn',1
ipv4,vietnam,2026-04-28,"CRYPTO_BUFFER_EXCEEDED: received invalid offset 17188 on crypto stream, maximum allowed 16384",1
ipv4,vietnam,2026-04-28,INTERNAL_ERROR: no certificate available for 'mx87163.superdata.vn',1
ipv4,vietnam,2026-04-28,CRYPTO_ERROR (0x150): 200:error:0A000197:SSL routines::shutdown while in init,1
ipv4,vietnam,2026-04-28,INTERNAL_ERROR: no certificate available for '172.18.0.11',1
ipv4,vietnam,2026-04-28,INTERNAL_ERROR: no certificate available for '125.212.224.98',1
ipv4,vietnam,2026-04-28,INTERNAL_ERROR: no certificate available for '172.17.0.4',1
ipv4,vietnam,2026-04-28,INTERNAL_ERROR: no certificate available for '157.10.43.78',1
ipv4,vietnam,2026-04-28,INTERNAL_ERROR: no certificate available for '160.187.1.205',1
ipv4,vietnam,2026-04-28,INTERNAL_ERROR: no certificate available for 'brainsboost.org',1
ipv4,vietnam,2026-04-28,INTERNAL_ERROR: no certificate available for '160.30.172.83',1
ipv4,vietnam,2026-04-28,INTERNAL_ERROR: no certificate available for '160.30.54.80',1
ipv4,vietnam,2026-04-28,INTERNAL_ERROR: no certificate available for 'dynamic-ip-adsl.viettel.vn',1
ipv4,vietnam,2026-04-28,"no compatible QUIC version found (we support [v1 draft-29], server offered [0x0 0x0 0x3 0x6c378100])",1
ipv4,vietnam,2026-04-28,INTERNAL_ERROR: no certificate available for 'dynamic-adsl.viettel.vn',1
ipv4,vietnam,2026-04-28,INTERNAL_ERROR: no certificate available for '10.0.1.30',1
ipv4,vietnam,2026-04-28,INTERNAL_ERROR: no certificate available for '221.132.33.163',1
ipv4,vietnam,2026-04-28,INTERNAL_ERROR: no certificate available for 'localhost',1
ipv4,vietnam,2026-04-28,CRYPTO_ERROR (0x128): 28:TLS handshake failure (ENCRYPTION_INITIAL) 40: handshake failure. SSLErrorStack:[handshake_server.cc:601] error:10000085:SSL routines:OPENSSL_internal:CONNECTION_REJECTED. ExtraDetail:select_cert_error: proof_source_handle async failure,1
ipv4,vietnam,2026-04-28,INVALID_TOKEN: cannot decrypt token,1
ipv4,vietnam,2026-04-28,INTERNAL_ERROR: no certificate available for '172.18.0.7',1
ipv4,vietnam,2026-04-28,"no compatible QUIC version found (we support [v1 draft-29], server offered [0x0 0x0 0x3 0x40428f9a])",1
ipv4,vietnam,2026-04-28,INTERNAL_ERROR: no certificate available for 'vps.otterspark.xyz',1
ipv4,vietnam,2026-04-28,INTERNAL_ERROR: no certificate available for 'vps12759962670',1
ipv4,vietnam,2026-04-28,INTERNAL_ERROR: no certificate available for '45.252.248.229',1
ipv4,vietnam,2026-04-28,INTERNAL_ERROR: no certificate available for '45.252.249.173',1
ipv6,indonesia,2026-04-25,CRYPTO_ERROR (0x150): 200:internal error,29
ipv6,indonesia,2026-04-25,CRYPTO_ERROR (0x170): handshake failed,8
ipv6,indonesia,2026-04-25,CRYPTO_ERROR (0x128): handshake failed,4
ipv6,indonesia,2026-04-25,CRYPTO_ERROR (0x150): tls: internal error,3
ipv6,indonesia,2026-04-25,timeout: no recent network activity,3
ipv6,malaysia,2026-04-25,CRYPTO_ERROR (0x150): 200:internal error,223
ipv6,malaysia,2026-04-25,CRYPTO_ERROR (0x150): tls: internal error,15
ipv6,malaysia,2026-04-25,CRYPTO_ERROR (0x170): handshake failed,5
ipv6,malaysia,2026-04-25,timeout: no recent network activity,1
ipv6,malaysia,2026-04-25,INTERNAL_ERROR: no certificate available for '2400:8d60:2::1:4109:ea12',1
ipv6,malaysia,2026-04-25,INTERNAL_ERROR: no certificate available for '2400:8d60:2::1:4b21:cdcd',1
ipv6,malaysia,2026-04-25,INTERNAL_ERROR: no certificate available for '2400:8d60:2::1:841:8798',1
ipv6,malaysia,2026-04-25,INTERNAL_ERROR: no certificate available for '2400:8d60:2::1:8e2f:9932',1
ipv6,malaysia,2026-04-25,INTERNAL_ERROR: no certificate available for '2400:8d60:7::5fd6:59be',1
ipv6,myanmar,2026-04-25,CRYPTO_ERROR (0x128) (frame type: 0x6): 28:TLS handshake failure (ENCRYPTION_INITIAL) 40: handshake failure,1
ipv6,philippines,2026-04-25,CRYPTO_ERROR (0x150): 200:internal error,93
ipv6,philippines,2026-04-25,CRYPTO_ERROR (0x128) (frame type: 0x6): 28:TLS handshake failure (ENCRYPTION_INITIAL) 40: handshake failure,9
ipv6,singapore,2026-04-26,timeout: no recent network activity,39927
ipv6,singapore,2026-04-26,CRYPTO_ERROR (0x150): TLS alert 80,534
ipv6,singapore,2026-04-26,CRYPTO_ERROR (0x150): 200:internal error,346
ipv6,singapore,2026-04-26,CRYPTO_ERROR (0x128): tls: handshake failure,343
ipv6,singapore,2026-04-26,CRYPTO_ERROR (0x150): tls: internal error,101
ipv6,singapore,2026-04-26,CRYPTO_ERROR (0x178): no suitable application protocol,101
ipv6,singapore,2026-04-26,CRYPTO_ERROR (0x128) (frame type: 0x6): 28:TLS handshake failure (ENCRYPTION_INITIAL) 40: handshake failure,81
ipv6,singapore,2026-04-26,CRYPTO_ERROR (0x10a): tls: server sent two HelloRetryRequest messages,32
ipv6,singapore,2026-04-26,CRYPTO_ERROR (0x170): handshake failed,30
ipv6,singapore,2026-04-26,CRYPTO_ERROR (0x146): handshake failed,21
ipv6,singapore,2026-04-26,INTERNAL_ERROR,15
ipv6,singapore,2026-04-26,INTERNAL_ERROR: no certificate available for '::',3
ipv6,singapore,2026-04-26,INTERNAL_ERROR: no certificate available for '172.18.0.2',2
ipv6,singapore,2026-04-26,CRYPTO_ERROR (0x178): tls: no application protocol,2
ipv6,singapore,2026-04-26,PROTOCOL_VIOLATION (frame type: 0x6): 28:TLS handshake failure (ENCRYPTION_INITIAL) 40: handshake failure,2
ipv6,singapore,2026-04-26,CRYPTO_ERROR (0x150): handshake failed,2
ipv6,singapore,2026-04-26,INTERNAL_ERROR: no certificate available for '2400:6180:0:d0::1130:d001',1
ipv6,singapore,2026-04-26,INTERNAL_ERROR: no certificate available for '2400:6180:0:d0::1258:1',1
ipv6,singapore,2026-04-26,INTERNAL_ERROR: no certificate available for '2400:6180:0:d0::12e8:9001',1
ipv6,singapore,2026-04-26,INTERNAL_ERROR: no certificate available for '2400:6180:0:d0::131a:1001',1
ipv6,singapore,2026-04-26,INTERNAL_ERROR: no certificate available for 'p1-do-sgp1.hau.li',1
ipv6,singapore,2026-04-26,INTERNAL_ERROR: no certificate available for '2400:6180:0:d0::fc7:2001',1
ipv6,singapore,2026-04-26,"no compatible QUIC version found (we support [v1 draft-29], server offered [gQUIC 43 gQUIC 46 0x51303530 0xff000019 0xff00001b])",1
ipv6,singapore,2026-04-26,INTERNAL_ERROR: no certificate available for '2400:6180:100:d0::40c:c001',1
ipv6,singapore,2026-04-26,CRYPTO_ERROR (0x178): handshake failed,1
ipv6,singapore,2026-04-26,INTERNAL_ERROR: no certificate available for '2400:6180:100:d0::98d:8001',1
ipv6,singapore,2026-04-26,INTERNAL_ERROR: no certificate available for '2400:6180:10:200::13:9000',1
ipv6,singapore,2026-04-26,INTERNAL_ERROR: no certificate available for '2400:6180:10:200::180:9000',1
ipv6,singapore,2026-04-26,INTERNAL_ERROR: no certificate available for 'fd31:4133:b64e:c50:616a:0:1:3',1
ipv6,singapore,2026-04-26,INTERNAL_ERROR: no certificate available for 'cotton.sqaaakoi.xyz',1
ipv6,singapore,2026-04-26,INTERNAL_ERROR: no certificate available for '2400:8901::f03c:91ff:fe02:a1f4',1
ipv6,singapore,2026-04-26,INTERNAL_ERROR: no certificate available for '2400:8901::f03c:91ff:fedb:f444',1
ipv6,singapore,2026-04-26,INTERNAL_ERROR: no certificate available for '2400:8901::f03c:93ff:fe93:1b8a',1
ipv6,singapore,2026-04-26,INTERNAL_ERROR: no certificate available for '2400:8901::f03c:93ff:fe93:c649',1
ipv6,singapore,2026-04-26,CRYPTO_ERROR (0x178): peer doesn't support any known protocol,1
ipv6,singapore,2026-04-26,INTERNAL_ERROR: no certificate available for '2400:8901::f03c:94ff:fe16:90d1',1
ipv6,singapore,2026-04-26,INTERNAL_ERROR: no certificate available for '2400:8901::f03c:95ff:fe69:3197',1
ipv6,singapore,2026-04-26,INTERNAL_ERROR: no certificate available for '2400:8902::f03c:91ff:fe73:583d',1
ipv6,singapore,2026-04-26,"no compatible QUIC version found (we support [v1 draft-29], server offered [0xdaba4a0a 0xff000017])",1
ipv6,singapore,2026-04-26,INTERNAL_ERROR: no certificate available for '2400:8902::f03c:91ff:fedb:4c69',1
ipv6,singapore,2026-04-26,INTERNAL_ERROR: no certificate available for '172.20.0.2',1
ipv6,singapore,2026-04-26,INTERNAL_ERROR: no certificate available for '2400:8902::f03c:92ff:fe55:3986',1
ipv6,singapore,2026-04-26,INTERNAL_ERROR: no certificate available for '2400:8902::f03c:92ff:fe5a:cefa',1
ipv6,singapore,2026-04-26,INTERNAL_ERROR: no certificate available for '172.17.0.3',1
ipv6,singapore,2026-04-26,INTERNAL_ERROR: no certificate available for '2400:8902::f03c:93ff:fea1:d1c2',1
ipv6,singapore,2026-04-26,INTERNAL_ERROR: no certificate available for '2400:8905::f03c:93ff:feb0:9c7c',1
ipv6,singapore,2026-04-26,INTERNAL_ERROR: no certificate available for '2400:8905::f03c:94ff:fe4d:6d13',1
ipv6,singapore,2026-04-26,INTERNAL_ERROR: no certificate available for '2400:8907::f03c:93ff:fede:e36e',1
ipv6,singapore,2026-04-26,INTERNAL_ERROR: no certificate available for '172.18.0.5',1
ipv6,singapore,2026-04-26,INTERNAL_ERROR: no certificate available for '2403:cfc0:1120:680::a',1
ipv6,singapore,2026-04-26,INTERNAL_ERROR: no certificate available for '240b:4001:119:5264:e4c6:2f4a:32a1:8238',1
ipv6,thailand,2026-04-25,CRYPTO_ERROR (0x150): 200:internal error,168
ipv6,thailand,2026-04-25,CRYPTO_ERROR (0x128) (frame type: 0x6): 28:TLS handshake failure (ENCRYPTION_INITIAL) 40: handshake failure,3
ipv6,thailand,2026-04-25,timeout: no recent network activity,3
ipv6,thailand,2026-04-25,CRYPTO_ERROR (0x10a): tls: server sent two HelloRetryRequest messages,1
ipv6,vietnam,2026-04-25,timeout: no recent network activity,21
ipv6,vietnam,2026-04-25,CRYPTO_ERROR (0x150): 200:internal error,12
ipv6,vietnam,2026-04-25,CONNECTION_REFUSED,8
ipv6,vietnam,2026-04-25,CRYPTO_ERROR (0x170): handshake failed,5
ipv6,vietnam,2026-04-25,CRYPTO_ERROR (0x150): tls: internal error,2
ipv6,vietnam,2026-04-25,INTERNAL_ERROR: no certificate available for '172.19.0.3',1
ipv6,vietnam,2026-04-25,INTERNAL_ERROR: no certificate available for '2400:e920:0:c::a3',1
ipv6,vietnam,2026-04-25,CRYPTO_ERROR (0x128) (frame type: 0x6): 28:TLS handshake failure (ENCRYPTION_INITIAL) 40: handshake failure,1
